R_package,method,objective_name,dimension,starting_point,lower_bound,upper_bound,max_iterations,max_evaluations,value,solution,number_of_iterations,number_of_evaluations,convergence,message,execution_time,time_units,time_cluster
stats,optim,Rosenbrock,3,"(3.32807922968641, 3.69198368163779, 3.0583828757517)","(-5, -5, -5)","(5, 5, 5)",7,-,4.09536081959552,"(-1.02145308783485, 1.05050620766034, 1.10735761193934)",13,13,1,NEW_X,0.00107169151306152,secs,0.001
GA,ga,Rosenbrock,3,-,"(-5, -5, -5)","(5, 5, 5)",1,-,1.78180689808492,"(1.41810480505228, 1.92437584977597, 3.69900076882914)",1,-,-,-,0.00272750854492188,secs,0.001
DEoptim,DEoptim,Rosenbrock,3,-,"(-5, -5, -5)","(5, 5, 5)",1,-,53.2924093806478,"(0.299187608528882, -0.555361966602504, 0.605002692434937)",1,4,-,-,0.0011138916015625,secs,0.001
pso,psoptim,Rosenbrock,3,"(3.32807922968641, 3.69198368163779, 3.0583828757517)","(-5, -5, -5)","(5, 5, 5)",2,-,54.5460163274801,"(0.900066655827272, 0.121499997733665, -0.237121031522379)",2,26,2,Maximal number of iterations reached,0.000921249389648438,secs,0.001
ABCoptim,abc_optim,Rosenbrock,3,"(3.32807922968641, 3.69198368163779, 3.0583828757517)","(-5, -5, -5)","(5, 5, 5)",1,-,5.61346214347652,"(0.789473684210526, 0.789473684210526, 0.789473684210526)",1,-,-,-,0.000618457794189453,secs,0.001
nloptr,sbplx,Rosenbrock,3,"(3.32807922968641, 3.69198368163779, 3.0583828757517)","(-5, -5, -5)","(5, 5, 5)",-,1,16642.6818132064,"(3.32807922968641, 3.69198368163779, 3.0583828757517)",1,-,5,NLOPT_MAXEVAL_REACHED: Optimization stopped because maxeval (above) was reached.,0.00204658508300781,secs,0.001
nloptr,cobyla,Rosenbrock,3,"(3.32807922968641, 3.69198368163779, 3.0583828757517)","(-5, -5, -5)","(5, 5, 5)",-,1,16642.6818132064,"(3.32807922968641, 3.69198368163779, 3.0583828757517)",1,-,5,NLOPT_MAXEVAL_REACHED: Optimization stopped because maxeval (above) was reached.,0.00220847129821777,secs,0.001
nloptr,bobyqa,Rosenbrock,3,"(3.32807922968641, 3.69198368163779, 3.0583828757517)","(-5, -5, -5)","(5, 5, 5)",-,1,16642.6818132064,"(3.32807922968641, 3.69198368163779, 3.0583828757517)",1,-,5,NLOPT_MAXEVAL_REACHED: Optimization stopped because maxeval (above) was reached.,0.00221920013427734,secs,0.001
stats,optim,Rosenbrock,3,"(4.32748819002882, -4.97753137722611, -3.64480991382152)","(-5, -5, -5)","(5, 5, 5)",7,-,7.71435510752732,"(-1.49022410501637, 2.22777451441358, 4.96580677348701)",10,10,1,NEW_X,0.000849485397338867,secs,0.001
GA,ga,Rosenbrock,3,-,"(-5, -5, -5)","(5, 5, 5)",1,-,45.1059913929949,"(-0.439332148525864, -0.440431521274149, 0.285320419352502)",1,-,-,-,0.00289273262023926,secs,0.001
DEoptim,DEoptim,Rosenbrock,3,-,"(-5, -5, -5)","(5, 5, 5)",1,-,1128.02640189046,"(0.587326599750668, -1.15136640379205, -1.67323967767879)",1,4,-,-,0.00110197067260742,secs,0.001
pso,psoptim,Rosenbrock,3,"(4.32748819002882, -4.97753137722611, -3.64480991382152)","(-5, -5, -5)","(5, 5, 5)",2,-,16.8184974704815,"(-0.0308731707719215, 0.0272928043894471, -0.383185577818757)",2,26,2,Maximal number of iterations reached,0.000877618789672852,secs,0.001
ABCoptim,abc_optim,Rosenbrock,3,"(4.32748819002882, -4.97753137722611, -3.64480991382152)","(-5, -5, -5)","(5, 5, 5)",1,-,5.61346214347652,"(0.789473684210526, 0.789473684210526, 0.789473684210526)",1,-,-,-,0.000573158264160156,secs,0.001
nloptr,sbplx,Rosenbrock,3,"(4.32748819002882, -4.97753137722611, -3.64480991382152)","(-5, -5, -5)","(5, 5, 5)",-,1,137011.226683645,"(4.32748819002882, -4.97753137722611, -3.64480991382152)",1,-,5,NLOPT_MAXEVAL_REACHED: Optimization stopped because maxeval (above) was reached.,0.00217866897583008,secs,0.001
nloptr,cobyla,Rosenbrock,3,"(4.32748819002882, -4.97753137722611, -3.64480991382152)","(-5, -5, -5)","(5, 5, 5)",-,1,137011.226683645,"(4.32748819002882, -4.97753137722611, -3.64480991382152)",1,-,5,NLOPT_MAXEVAL_REACHED: Optimization stopped because maxeval (above) was reached.,0.00233960151672363,secs,0.001
nloptr,bobyqa,Rosenbrock,3,"(4.32748819002882, -4.97753137722611, -3.64480991382152)","(-5, -5, -5)","(5, 5, 5)",-,1,137011.226683645,"(4.32748819002882, -4.97753137722611, -3.64480991382152)",1,-,5,NLOPT_MAXEVAL_REACHED: Optimization stopped because maxeval (above) was reached.,0.00214195251464844,secs,0.001
stats,optim,Rosenbrock,3,"(-3.75987561885267, -1.33679582970217, 0.211906367912889)","(-5, -5, -5)","(5, 5, 5)",7,-,1.72497957302937,"(0.289264309920597, 0.0378157410342769, 0.0303677686897565)",13,13,1,NEW_X,0.0012660026550293,secs,0.001
GA,ga,Rosenbrock,3,-,"(-5, -5, -5)","(5, 5, 5)",1,-,410.865770410453,"(2.00473886914551, 2.02232096344233, 3.77123499521986)",1,-,-,-,0.00329852104187012,secs,0.001
DEoptim,DEoptim,Rosenbrock,3,-,"(-5, -5, -5)","(5, 5, 5)",1,-,45.8387501394416,"(1.42252583894879, 1.97976888157427, 4.58663050318137)",1,4,-,-,0.00114893913269043,secs,0.001
pso,psoptim,Rosenbrock,3,"(-3.75987561885267, -1.33679582970217, 0.211906367912889)","(-5, -5, -5)","(5, 5, 5)",2,-,420.418524553316,"(-1.25936266646761, 0.581043116425733, 2.11002636691361)",2,26,2,Maximal number of iterations reached,0.000899553298950195,secs,0.001
ABCoptim,abc_optim,Rosenbrock,3,"(-3.75987561885267, -1.33679582970217, 0.211906367912889)","(-5, -5, -5)","(5, 5, 5)",1,-,5.61346214347652,"(0.789473684210526, 0.789473684210526, 0.789473684210526)",1,-,-,-,0.000536203384399414,secs,0.001
nloptr,sbplx,Rosenbrock,3,"(-3.75987561885267, -1.33679582970217, 0.211906367912889)","(-5, -5, -5)","(5, 5, 5)",-,1,24219.0142808149,"(-3.75987561885267, -1.33679582970217, 0.211906367912889)",1,-,5,NLOPT_MAXEVAL_REACHED: Optimization stopped because maxeval (above) was reached.,0.00201010704040527,secs,0.001
nloptr,cobyla,Rosenbrock,3,"(-3.75987561885267, -1.33679582970217, 0.211906367912889)","(-5, -5, -5)","(5, 5, 5)",-,1,24219.0142808149,"(-3.75987561885267, -1.33679582970217, 0.211906367912889)",1,-,5,NLOPT_MAXEVAL_REACHED: Optimization stopped because maxeval (above) was reached.,0.00256967544555664,secs,0.001
nloptr,bobyqa,Rosenbrock,3,"(-3.75987561885267, -1.33679582970217, 0.211906367912889)","(-5, -5, -5)","(5, 5, 5)",-,1,24219.0142808149,"(-3.75987561885267, -1.33679582970217, 0.211906367912889)",1,-,5,NLOPT_MAXEVAL_REACHED: Optimization stopped because maxeval (above) was reached.,0.00355100631713867,secs,0.001
stats,optim,Rosenbrock,3,"(-0.353520358912647, -2.4467232497409, 2.81798365758732)","(-5, -5, -5)","(5, 5, 5)",7,-,2.66551873726542,"(-0.397753479453371, 0.17604943428018, 0.0342753697198268)",10,10,1,NEW_X,0.00106287002563477,secs,0.001
GA,ga,Rosenbrock,3,-,"(-5, -5, -5)","(5, 5, 5)",1,-,471.696265272029,"(1.88570417929441, 1.38798034982756, 1.83804364176467)",1,-,-,-,0.00333976745605469,secs,0.001
DEoptim,DEoptim,Rosenbrock,3,-,"(-5, -5, -5)","(5, 5, 5)",1,-,53.8165105566528,"(0.869410859886557, 1.33873962331563, 2.23620152566582)",1,4,-,-,0.00135445594787598,secs,0.001
pso,psoptim,Rosenbrock,3,"(-0.353520358912647, -2.4467232497409, 2.81798365758732)","(-5, -5, -5)","(5, 5, 5)",2,-,113.934311511688,"(0.326989927430209, 0.48311354266736, -0.76190136373329)",2,26,2,Maximal number of iterations reached,0.00102090835571289,secs,0.001
ABCoptim,abc_optim,Rosenbrock,3,"(-0.353520358912647, -2.4467232497409, 2.81798365758732)","(-5, -5, -5)","(5, 5, 5)",1,-,5.61346214347652,"(0.789473684210526, 0.789473684210526, 0.789473684210526)",1,-,-,-,0.000681877136230469,secs,0.001
nloptr,sbplx,Rosenbrock,3,"(-0.353520358912647, -2.4467232497409, 2.81798365758732)","(-5, -5, -5)","(5, 5, 5)",-,1,1678.99680278855,"(-0.353520358912647, -2.4467232497409, 2.81798365758732)",1,-,5,NLOPT_MAXEVAL_REACHED: Optimization stopped because maxeval (above) was reached.,0.00254702568054199,secs,0.001
nloptr,cobyla,Rosenbrock,3,"(-0.353520358912647, -2.4467232497409, 2.81798365758732)","(-5, -5, -5)","(5, 5, 5)",-,1,1678.99680278855,"(-0.353520358912647, -2.4467232497409, 2.81798365758732)",1,-,5,NLOPT_MAXEVAL_REACHED: Optimization stopped because maxeval (above) was reached.,0.00265288352966309,secs,0.001
nloptr,bobyqa,Rosenbrock,3,"(-0.353520358912647, -2.4467232497409, 2.81798365758732)","(-5, -5, -5)","(5, 5, 5)",-,1,1678.99680278855,"(-0.353520358912647, -2.4467232497409, 2.81798365758732)",1,-,5,NLOPT_MAXEVAL_REACHED: Optimization stopped because maxeval (above) was reached.,0.00188159942626953,secs,0.001
stats,optim,Rosenbrock,3,"(0.545546964276582, 3.42599308351055, -1.09558945754543)","(-5, -5, -5)","(5, 5, 5)",7,-,0.0602820508844322,"(0.885176106309772, 0.783284532068957, 0.61241408047523)",10,10,1,NEW_X,0.000909328460693359,secs,0.001
GA,ga,Rosenbrock,3,-,"(-5, -5, -5)","(5, 5, 5)",1,-,18.0298568468231,"(1.3679041643627, 1.45067619159818, 2.09417578531429)",1,-,-,-,0.00287127494812012,secs,0.001
DEoptim,DEoptim,Rosenbrock,3,-,"(-5, -5, -5)","(5, 5, 5)",1,-,99.6495483274469,"(-0.308943283744156, -0.876227170228958, 0.764424940571189)",1,4,-,-,0.00185990333557129,secs,0.001
pso,psoptim,Rosenbrock,3,"(0.545546964276582, 3.42599308351055, -1.09558945754543)","(-5, -5, -5)","(5, 5, 5)",2,-,515.855325123887,"(-2.08548816619441, 2.11326076183468, 4.6922795381397)",2,26,2,Maximal number of iterations reached,0.0011601448059082,secs,0.001
ABCoptim,abc_optim,Rosenbrock,3,"(0.545546964276582, 3.42599308351055, -1.09558945754543)","(-5, -5, -5)","(5, 5, 5)",1,-,5.61346214347652,"(0.789473684210526, 0.789473684210526, 0.789473684210526)",1,-,-,-,0.000655889511108398,secs,0.001
nloptr,sbplx,Rosenbrock,3,"(0.545546964276582, 3.42599308351055, -1.09558945754543)","(-5, -5, -5)","(5, 5, 5)",-,1,17453.3981203008,"(0.545546964276582, 3.42599308351055, -1.09558945754543)",1,-,5,NLOPT_MAXEVAL_REACHED: Optimization stopped because maxeval (above) was reached.,0.00224494934082031,secs,0.001
nloptr,cobyla,Rosenbrock,3,"(0.545546964276582, 3.42599308351055, -1.09558945754543)","(-5, -5, -5)","(5, 5, 5)",-,1,17453.3981203008,"(0.545546964276582, 3.42599308351055, -1.09558945754543)",1,-,5,NLOPT_MAXEVAL_REACHED: Optimization stopped because maxeval (above) was reached.,0.00236153602600098,secs,0.001
nloptr,bobyqa,Rosenbrock,3,"(0.545546964276582, 3.42599308351055, -1.09558945754543)","(-5, -5, -5)","(5, 5, 5)",-,1,17453.3981203008,"(0.545546964276582, 3.42599308351055, -1.09558945754543)",1,-,5,NLOPT_MAXEVAL_REACHED: Optimization stopped because maxeval (above) was reached.,0.00226569175720215,secs,0.001
stats,optim,Rosenbrock,3,"(-0.193627362605184, -1.65541937341914, 2.60516367852688)","(-5, -5, -5)","(5, 5, 5)",7,-,22.6387726269999,"(0.288682465570383, -0.346110738788852, -0.0172548383664656)",11,11,1,NEW_X,0.00134658813476562,secs,0.001
GA,ga,Rosenbrock,3,-,"(-5, -5, -5)","(5, 5, 5)",1,-,453.31146407855,"(-0.410751882009208, 1.6588070592843, 4.26442111609504)",1,-,-,-,0.00287556648254395,secs,0.001
DEoptim,DEoptim,Rosenbrock,3,-,"(-5, -5, -5)","(5, 5, 5)",1,-,98.6296458162086,"(-0.524460424203426, 0.224247004371136, -0.926676383242011)",1,4,-,-,0.00120711326599121,secs,0.001
pso,psoptim,Rosenbrock,3,"(-0.193627362605184, -1.65541937341914, 2.60516367852688)","(-5, -5, -5)","(5, 5, 5)",2,-,95.9194432317335,"(-0.177804024559638, -0.233752979558984, 0.981830278099773)",2,26,2,Maximal number of iterations reached,0.000947475433349609,secs,0.001
ABCoptim,abc_optim,Rosenbrock,3,"(-0.193627362605184, -1.65541937341914, 2.60516367852688)","(-5, -5, -5)","(5, 5, 5)",1,-,5.61346214347652,"(0.789473684210526, 0.789473684210526, 0.789473684210526)",1,-,-,-,0.000712156295776367,secs,0.001
nloptr,sbplx,Rosenbrock,3,"(-0.193627362605184, -1.65541937341914, 2.60516367852688)","(-5, -5, -5)","(5, 5, 5)",-,1,296.899985733639,"(-0.193627362605184, -1.65541937341914, 2.60516367852688)",1,-,5,NLOPT_MAXEVAL_REACHED: Optimization stopped because maxeval (above) was reached.,0.00193476676940918,secs,0.001
nloptr,cobyla,Rosenbrock,3,"(-0.193627362605184, -1.65541937341914, 2.60516367852688)","(-5, -5, -5)","(5, 5, 5)",-,1,296.899985733639,"(-0.193627362605184, -1.65541937341914, 2.60516367852688)",1,-,5,NLOPT_MAXEVAL_REACHED: Optimization stopped because maxeval (above) was reached.,0.00180673599243164,secs,0.001
nloptr,bobyqa,Rosenbrock,3,"(-0.193627362605184, -1.65541937341914, 2.60516367852688)","(-5, -5, -5)","(5, 5, 5)",-,1,296.899985733639,"(-0.193627362605184, -1.65541937341914, 2.60516367852688)",1,-,5,NLOPT_MAXEVAL_REACHED: Optimization stopped because maxeval (above) was reached.,0.00181722640991211,secs,0.001
stats,optim,Rosenbrock,3,"(-2.65485468087718, 0.834287144243717, 2.6868783053942)","(-5, -5, -5)","(5, 5, 5)",7,-,4.09939411772228,"(-1.0216629271776, 1.05330818499654, 1.11141147677104)",10,10,1,NEW_X,0.000861644744873047,secs,0.001
GA,ga,Rosenbrock,3,-,"(-5, -5, -5)","(5, 5, 5)",1,-,663.232787260057,"(1.69744628248736, 0.428175143897533, 0.96195773454383)",1,-,-,-,0.00286984443664551,secs,0.001
DEoptim,DEoptim,Rosenbrock,3,-,"(-5, -5, -5)","(5, 5, 5)",1,-,103.524094562487,"(1.22922335285693, 1.41126160975546, 3.00313270650804)",1,4,-,-,0.00110721588134766,secs,0.001
pso,psoptim,Rosenbrock,3,"(-2.65485468087718, 0.834287144243717, 2.6868783053942)","(-5, -5, -5)","(5, 5, 5)",2,-,145.488858543921,"(-0.277722236135072, -0.583144929936155, -0.648646626731142)",2,26,2,Maximal number of iterations reached,0.000907659530639648,secs,0.001
ABCoptim,abc_optim,Rosenbrock,3,"(-2.65485468087718, 0.834287144243717, 2.6868783053942)","(-5, -5, -5)","(5, 5, 5)",1,-,5.61346214347652,"(0.789473684210526, 0.789473684210526, 0.789473684210526)",1,-,-,-,0.000524759292602539,secs,0.001
nloptr,sbplx,Rosenbrock,3,"(-2.65485468087718, 0.834287144243717, 2.6868783053942)","(-5, -5, -5)","(5, 5, 5)",-,1,4271.06874825949,"(-2.65485468087718, 0.834287144243717, 2.6868783053942)",1,-,5,NLOPT_MAXEVAL_REACHED: Optimization stopped because maxeval (above) was reached.,0.00184154510498047,secs,0.001
nloptr,cobyla,Rosenbrock,3,"(-2.65485468087718, 0.834287144243717, 2.6868783053942)","(-5, -5, -5)","(5, 5, 5)",-,1,4271.06874825949,"(-2.65485468087718, 0.834287144243717, 2.6868783053942)",1,-,5,NLOPT_MAXEVAL_REACHED: Optimization stopped because maxeval (above) was reached.,0.00176000595092773,secs,0.001
nloptr,bobyqa,Rosenbrock,3,"(-2.65485468087718, 0.834287144243717, 2.6868783053942)","(-5, -5, -5)","(5, 5, 5)",-,1,4271.06874825949,"(-2.65485468087718, 0.834287144243717, 2.6868783053942)",1,-,5,NLOPT_MAXEVAL_REACHED: Optimization stopped because maxeval (above) was reached.,0.00172567367553711,secs,0.001
stats,optim,Rosenbrock,3,"(-0.21830766228959, -0.467601167038083, -4.39961774973199)","(-5, -5, -5)","(5, 5, 5)",7,-,0.790079853042394,"(0.513316541760384, 0.258636417344977, 0.0633719779848123)",10,10,1,NEW_X,0.000800371170043945,secs,0.001
GA,ga,Rosenbrock,3,-,"(-5, -5, -5)","(5, 5, 5)",1,-,42.4639891439795,"(0.00983271980658174, -0.58630745857954, 0.129742303397506)",1,-,-,-,0.00288939476013184,secs,0.001
DEoptim,DEoptim,Rosenbrock,3,-,"(-5, -5, -5)","(5, 5, 5)",1,-,4.08545527747738,"(-0.638918513432145, 0.349247362464666, 0.201231662649661)",1,4,-,-,0.00104618072509766,secs,0.001
pso,psoptim,Rosenbrock,3,"(-0.21830766228959, -0.467601167038083, -4.39961774973199)","(-5, -5, -5)","(5, 5, 5)",2,-,339.627080160748,"(1.20318045839667, -0.38161295466125, -0.0292752380482852)",2,26,2,Maximal number of iterations reached,0.00087738037109375,secs,0.001
ABCoptim,abc_optim,Rosenbrock,3,"(-0.21830766228959, -0.467601167038083, -4.39961774973199)","(-5, -5, -5)","(5, 5, 5)",1,-,5.61346214347652,"(0.789473684210526, 0.789473684210526, 0.789473684210526)",1,-,-,-,0.000548362731933594,secs,0.001
nloptr,sbplx,Rosenbrock,3,"(-0.21830766228959, -0.467601167038083, -4.39961774973199)","(-5, -5, -5)","(5, 5, 5)",-,1,2163.02783916141,"(-0.21830766228959, -0.467601167038083, -4.39961774973199)",1,-,5,NLOPT_MAXEVAL_REACHED: Optimization stopped because maxeval (above) was reached.,0.0017855167388916,secs,0.001
nloptr,cobyla,Rosenbrock,3,"(-0.21830766228959, -0.467601167038083, -4.39961774973199)","(-5, -5, -5)","(5, 5, 5)",-,1,2163.02783916141,"(-0.21830766228959, -0.467601167038083, -4.39961774973199)",1,-,5,NLOPT_MAXEVAL_REACHED: Optimization stopped because maxeval (above) was reached.,0.00172996520996094,secs,0.001
nloptr,bobyqa,Rosenbrock,3,"(-0.21830766228959, -0.467601167038083, -4.39961774973199)","(-5, -5, -5)","(5, 5, 5)",-,1,2163.02783916141,"(-0.21830766228959, -0.467601167038083, -4.39961774973199)",1,-,5,NLOPT_MAXEVAL_REACHED: Optimization stopped because maxeval (above) was reached.,0.00170135498046875,secs,0.001
stats,optim,Rosenbrock,3,"(0.192488192114979, -0.123419426381588, 2.38225549692288)","(-5, -5, -5)","(5, 5, 5)",7,-,1.93679198756045,"(0.0267413082260685, 0.00905689460857342, -0.0024333464565181)",10,10,1,NEW_X,0.000819921493530273,secs,0.001
GA,ga,Rosenbrock,3,-,"(-5, -5, -5)","(5, 5, 5)",1,-,57.1372859609154,"(0.892825578339398, 0.947526334784925, 1.63849074626341)",1,-,-,-,0.00293302536010742,secs,0.001
DEoptim,DEoptim,Rosenbrock,3,-,"(-5, -5, -5)","(5, 5, 5)",1,-,57.8997945777489,"(-0.783620874863118, -0.117164021357894, 0.0100753889419138)",1,4,-,-,0.00106453895568848,secs,0.001
pso,psoptim,Rosenbrock,3,"(0.192488192114979, -0.123419426381588, 2.38225549692288)","(-5, -5, -5)","(5, 5, 5)",2,-,44.6769060940342,"(0.792989581065322, 1.17173554720859, 0.983988805522613)",2,26,2,Maximal number of iterations reached,0.000884056091308594,secs,0.001
ABCoptim,abc_optim,Rosenbrock,3,"(0.192488192114979, -0.123419426381588, 2.38225549692288)","(-5, -5, -5)","(5, 5, 5)",1,-,5.61346214347652,"(0.789473684210526, 0.789473684210526, 0.789473684210526)",1,-,-,-,0.000540971755981445,secs,0.001
nloptr,sbplx,Rosenbrock,3,"(0.192488192114979, -0.123419426381588, 2.38225549692288)","(-5, -5, -5)","(5, 5, 5)",-,1,564.769100429937,"(0.192488192114979, -0.123419426381588, 2.38225549692288)",1,-,5,NLOPT_MAXEVAL_REACHED: Optimization stopped because maxeval (above) was reached.,0.00206613540649414,secs,0.001
nloptr,cobyla,Rosenbrock,3,"(0.192488192114979, -0.123419426381588, 2.38225549692288)","(-5, -5, -5)","(5, 5, 5)",-,1,564.769100429937,"(0.192488192114979, -0.123419426381588, 2.38225549692288)",1,-,5,NLOPT_MAXEVAL_REACHED: Optimization stopped because maxeval (above) was reached.,0.00191569328308105,secs,0.001
nloptr,bobyqa,Rosenbrock,3,"(0.192488192114979, -0.123419426381588, 2.38225549692288)","(-5, -5, -5)","(5, 5, 5)",-,1,564.769100429937,"(0.192488192114979, -0.123419426381588, 2.38225549692288)",1,-,5,NLOPT_MAXEVAL_REACHED: Optimization stopped because maxeval (above) was reached.,0.00192618370056152,secs,0.001
stats,optim,Rosenbrock,3,"(3.89441400766373, -0.448141703382134, 3.24592704651877)","(-5, -5, -5)","(5, 5, 5)",7,-,0.0889950747140966,"(0.859862797592575, 0.737392177041693, 0.543969705526875)",10,10,1,NEW_X,0.000855922698974609,secs,0.001
GA,ga,Rosenbrock,3,-,"(-5, -5, -5)","(5, 5, 5)",1,-,99.2156209779974,"(-0.296566849574447, -0.606495717074722, -0.315741456579417)",1,-,-,-,0.00312638282775879,secs,0.001
DEoptim,DEoptim,Rosenbrock,3,-,"(-5, -5, -5)","(5, 5, 5)",1,-,6.11651472626058,"(0.791243384592235, 0.77698317123577, 0.410167258232832)",1,4,-,-,0.00105881690979004,secs,0.001
pso,psoptim,Rosenbrock,3,"(3.89441400766373, -0.448141703382134, 3.24592704651877)","(-5, -5, -5)","(5, 5, 5)",2,-,98.7203313299878,"(-0.128893309738487, 0.0678223720751703, -0.976800865028054)",2,26,2,Maximal number of iterations reached,0.000882148742675781,secs,0.001
ABCoptim,abc_optim,Rosenbrock,3,"(3.89441400766373, -0.448141703382134, 3.24592704651877)","(-5, -5, -5)","(5, 5, 5)",1,-,5.61346214347652,"(0.789473684210526, 0.789473684210526, 0.789473684210526)",1,-,-,-,0.000586271286010742,secs,0.001
nloptr,sbplx,Rosenbrock,3,"(3.89441400766373, -0.448141703382134, 3.24592704651877)","(-5, -5, -5)","(5, 5, 5)",-,1,25319.3158301423,"(3.89441400766373, -0.448141703382134, 3.24592704651877)",1,-,5,NLOPT_MAXEVAL_REACHED: Optimization stopped because maxeval (above) was reached.,0.00185704231262207,secs,0.001
nloptr,cobyla,Rosenbrock,3,"(3.89441400766373, -0.448141703382134, 3.24592704651877)","(-5, -5, -5)","(5, 5, 5)",-,1,25319.3158301423,"(3.89441400766373, -0.448141703382134, 3.24592704651877)",1,-,5,NLOPT_MAXEVAL_REACHED: Optimization stopped because maxeval (above) was reached.,0.00194096565246582,secs,0.001
nloptr,bobyqa,Rosenbrock,3,"(3.89441400766373, -0.448141703382134, 3.24592704651877)","(-5, -5, -5)","(5, 5, 5)",-,1,25319.3158301423,"(3.89441400766373, -0.448141703382134, 3.24592704651877)",1,-,5,NLOPT_MAXEVAL_REACHED: Optimization stopped because maxeval (above) was reached.,0.00179696083068848,secs,0.001
stats,optim,Rosenbrock,3,"(-4.84315618406981, 1.94965751143172, -2.69967827713117)","(-5, -5, -5)","(5, 5, 5)",7,-,2.59808728725434,"(-0.356609393767266, 0.135092042607844, 0.0240438230662034)",10,10,1,NEW_X,0.000949859619140625,secs,0.001
GA,ga,Rosenbrock,3,-,"(-5, -5, -5)","(5, 5, 5)",1,-,47.2882963682797,"(-1.26908346777782, 1.19093056535348, 0.923410190735012)",1,-,-,-,0.00264954566955566,secs,0.001
DEoptim,DEoptim,Rosenbrock,3,-,"(-5, -5, -5)","(5, 5, 5)",1,-,341.291131529208,"(0.132890599314123, 1.83647242840379, 3.67315834155306)",1,4,-,-,0.00102400779724121,secs,0.001
pso,psoptim,Rosenbrock,3,"(-4.84315618406981, 1.94965751143172, -2.69967827713117)","(-5, -5, -5)","(5, 5, 5)",2,-,99.1012620793798,"(1.15881303136155, 1.7422160612345, 2.12660539569283)",2,26,2,Maximal number of iterations reached,0.000836372375488281,secs,0.001
ABCoptim,abc_optim,Rosenbrock,3,"(-4.84315618406981, 1.94965751143172, -2.69967827713117)","(-5, -5, -5)","(5, 5, 5)",1,-,5.61346214347652,"(0.789473684210526, 0.789473684210526, 0.789473684210526)",1,-,-,-,0.000537633895874023,secs,0.001
nloptr,sbplx,Rosenbrock,3,"(-4.84315618406981, 1.94965751143172, -2.69967827713117)","(-5, -5, -5)","(5, 5, 5)",-,1,50514.1126619239,"(-4.84315618406981, 1.94965751143172, -2.69967827713117)",1,-,5,NLOPT_MAXEVAL_REACHED: Optimization stopped because maxeval (above) was reached.,0.0017693042755127,secs,0.001
nloptr,cobyla,Rosenbrock,3,"(-4.84315618406981, 1.94965751143172, -2.69967827713117)","(-5, -5, -5)","(5, 5, 5)",-,1,50514.1126619239,"(-4.84315618406981, 1.94965751143172, -2.69967827713117)",1,-,5,NLOPT_MAXEVAL_REACHED: Optimization stopped because maxeval (above) was reached.,0.0016932487487793,secs,0.001
nloptr,bobyqa,Rosenbrock,3,"(-4.84315618406981, 1.94965751143172, -2.69967827713117)","(-5, -5, -5)","(5, 5, 5)",-,1,50514.1126619239,"(-4.84315618406981, 1.94965751143172, -2.69967827713117)",1,-,5,NLOPT_MAXEVAL_REACHED: Optimization stopped because maxeval (above) was reached.,0.0023345947265625,secs,0.001
stats,optim,Rosenbrock,3,"(1.59681057324633, -3.19289770442992, 3.34118232829496)","(-5, -5, -5)","(5, 5, 5)",7,-,3.76646573607646,"(-0.911775172603911, 0.806051006477813, 0.639697041314303)",11,11,1,NEW_X,0.000885963439941406,secs,0.001
GA,ga,Rosenbrock,3,-,"(-5, -5, -5)","(5, 5, 5)",1,-,467.423889065401,"(0.696661402471364, -1.64453701814637, 2.9633826459758)",1,-,-,-,0.00257039070129395,secs,0.001
DEoptim,DEoptim,Rosenbrock,3,-,"(-5, -5, -5)","(5, 5, 5)",1,-,52.0556485647459,"(-0.0593851832672954, -0.534246461465955, -0.157970533706248)",1,4,-,-,0.00108075141906738,secs,0.001
pso,psoptim,Rosenbrock,3,"(1.59681057324633, -3.19289770442992, 3.34118232829496)","(-5, -5, -5)","(5, 5, 5)",2,-,58.2532710002463,"(-0.408917071763426, 0.526365067344159, 0.933907846920192)",2,26,2,Maximal number of iterations reached,0.000990629196166992,secs,0.001
ABCoptim,abc_optim,Rosenbrock,3,"(1.59681057324633, -3.19289770442992, 3.34118232829496)","(-5, -5, -5)","(5, 5, 5)",1,-,5.61346214347652,"(0.789473684210526, 0.789473684210526, 0.789473684210526)",1,-,-,-,0.000828981399536133,secs,0.001
nloptr,sbplx,Rosenbrock,3,"(1.59681057324633, -3.19289770442992, 3.34118232829496)","(-5, -5, -5)","(5, 5, 5)",-,1,8012.72642266053,"(1.59681057324633, -3.19289770442992, 3.34118232829496)",1,-,5,NLOPT_MAXEVAL_REACHED: Optimization stopped because maxeval (above) was reached.,0.00233078002929688,secs,0.001
nloptr,cobyla,Rosenbrock,3,"(1.59681057324633, -3.19289770442992, 3.34118232829496)","(-5, -5, -5)","(5, 5, 5)",-,1,8012.72642266053,"(1.59681057324633, -3.19289770442992, 3.34118232829496)",1,-,5,NLOPT_MAXEVAL_REACHED: Optimization stopped because maxeval (above) was reached.,0.0020289421081543,secs,0.001
nloptr,bobyqa,Rosenbrock,3,"(1.59681057324633, -3.19289770442992, 3.34118232829496)","(-5, -5, -5)","(5, 5, 5)",-,1,8012.72642266053,"(1.59681057324633, -3.19289770442992, 3.34118232829496)",1,-,5,NLOPT_MAXEVAL_REACHED: Optimization stopped because maxeval (above) was reached.,0.00238990783691406,secs,0.001
stats,optim,Rosenbrock,3,"(-0.561409445945174, 3.20416810456663, -1.06405942933634)","(-5, -5, -5)","(5, 5, 5)",7,-,3.52702532492401,"(-0.858115997981398, 0.745834769520708, 0.559200342573255)",10,10,1,NEW_X,0.00142717361450195,secs,0.001
GA,ga,Rosenbrock,3,-,"(-5, -5, -5)","(5, 5, 5)",1,-,175.003365328687,"(0.445973593741655, 0.140826290007681, 1.33748553693295)",1,-,-,-,0.00455379486083984,secs,0.001
DEoptim,DEoptim,Rosenbrock,3,-,"(-5, -5, -5)","(5, 5, 5)",1,-,97.7897221479163,"(0.829219373408705, 1.66857769945636, 2.88820782210678)",1,4,-,-,0.00213003158569336,secs,0.001
pso,psoptim,Rosenbrock,3,"(-0.561409445945174, 3.20416810456663, -1.06405942933634)","(-5, -5, -5)","(5, 5, 5)",2,-,64.591673907476,"(-0.606994773261249, -0.375319842714816, -0.0782119832001626)",2,26,2,Maximal number of iterations reached,0.00158357620239258,secs,0.001
ABCoptim,abc_optim,Rosenbrock,3,"(-0.561409445945174, 3.20416810456663, -1.06405942933634)","(-5, -5, -5)","(5, 5, 5)",1,-,5.61346214347652,"(0.789473684210526, 0.789473684210526, 0.789473684210526)",1,-,-,-,0.00103282928466797,secs,0.001
nloptr,sbplx,Rosenbrock,3,"(-0.561409445945174, 3.20416810456663, -1.06405942933634)","(-5, -5, -5)","(5, 5, 5)",-,1,13680.516866922,"(-0.561409445945174, 3.20416810456663, -1.06405942933634)",1,-,5,NLOPT_MAXEVAL_REACHED: Optimization stopped because maxeval (above) was reached.,0.00282645225524902,secs,0.001
nloptr,cobyla,Rosenbrock,3,"(-0.561409445945174, 3.20416810456663, -1.06405942933634)","(-5, -5, -5)","(5, 5, 5)",-,1,13680.516866922,"(-0.561409445945174, 3.20416810456663, -1.06405942933634)",1,-,5,NLOPT_MAXEVAL_REACHED: Optimization stopped because maxeval (above) was reached.,0.00247740745544434,secs,0.001
nloptr,bobyqa,Rosenbrock,3,"(-0.561409445945174, 3.20416810456663, -1.06405942933634)","(-5, -5, -5)","(5, 5, 5)",-,1,13680.516866922,"(-0.561409445945174, 3.20416810456663, -1.06405942933634)",1,-,5,NLOPT_MAXEVAL_REACHED: Optimization stopped because maxeval (above) was reached.,0.00267362594604492,secs,0.001
stats,optim,Rosenbrock,3,"(1.3973129959777, 3.01404291996732, -3.01045405678451)","(-5, -5, -5)","(5, 5, 5)",7,-,0.537240432465056,"(0.613272941879623, 0.378380574495046, 0.140426882586414)",10,10,1,NEW_X,0.00110411643981934,secs,0.001
GA,ga,Rosenbrock,3,-,"(-5, -5, -5)","(5, 5, 5)",1,-,313.484496176287,"(-0.732680754736066, 0.434227937366813, -1.5695976279676)",1,-,-,-,0.00348544120788574,secs,0.001
DEoptim,DEoptim,Rosenbrock,3,-,"(-5, -5, -5)","(5, 5, 5)",1,-,89.9212308039464,"(0.610690128523856, -0.141857452690601, -0.76704822294414)",1,4,-,-,0.00122857093811035,secs,0.001
pso,psoptim,Rosenbrock,3,"(1.3973129959777, 3.01404291996732, -3.01045405678451)","(-5, -5, -5)","(5, 5, 5)",2,-,201.053709646555,"(-0.452145949669301, 0.484908549488067, -1.14621512107635)",2,26,2,Maximal number of iterations reached,0.00121784210205078,secs,0.001
ABCoptim,abc_optim,Rosenbrock,3,"(1.3973129959777, 3.01404291996732, -3.01045405678451)","(-5, -5, -5)","(5, 5, 5)",1,-,5.61346214347652,"(0.789473684210526, 0.789473684210526, 0.789473684210526)",1,-,-,-,0.000926494598388672,secs,0.001
nloptr,sbplx,Rosenbrock,3,"(1.3973129959777, 3.01404291996732, -3.01045405678451)","(-5, -5, -5)","(5, 5, 5)",-,1,14745.586883739,"(1.3973129959777, 3.01404291996732, -3.01045405678451)",1,-,5,NLOPT_MAXEVAL_REACHED: Optimization stopped because maxeval (above) was reached.,0.00274777412414551,secs,0.001
nloptr,cobyla,Rosenbrock,3,"(1.3973129959777, 3.01404291996732, -3.01045405678451)","(-5, -5, -5)","(5, 5, 5)",-,1,14745.586883739,"(1.3973129959777, 3.01404291996732, -3.01045405678451)",1,-,5,NLOPT_MAXEVAL_REACHED: Optimization stopped because maxeval (above) was reached.,0.0023200511932373,secs,0.001
nloptr,bobyqa,Rosenbrock,3,"(1.3973129959777, 3.01404291996732, -3.01045405678451)","(-5, -5, -5)","(5, 5, 5)",-,1,14745.586883739,"(1.3973129959777, 3.01404291996732, -3.01045405678451)",1,-,5,NLOPT_MAXEVAL_REACHED: Optimization stopped because maxeval (above) was reached.,0.00242519378662109,secs,0.001
stats,optim,Rosenbrock,3,"(2.54018685547635, 1.47114276187494, -3.63203246146441)","(-5, -5, -5)","(5, 5, 5)",7,-,2.02608964680911,"(-0.016391151334988, 0.0130559504447175, -0.00495659084453478)",10,10,1,NEW_X,0.00101566314697266,secs,0.001
GA,ga,Rosenbrock,3,-,"(-5, -5, -5)","(5, 5, 5)",1,-,154.356350864782,"(0.309896818362176, 1.20227860054001, 0.884564472362399)",1,-,-,-,0.00302672386169434,secs,0.001
DEoptim,DEoptim,Rosenbrock,3,-,"(-5, -5, -5)","(5, 5, 5)",1,-,89.9493838287691,"(-0.767068034037948, -0.0503199244849384, 0.67281722323969)",1,4,-,-,0.00122594833374023,secs,0.001
pso,psoptim,Rosenbrock,3,"(2.54018685547635, 1.47114276187494, -3.63203246146441)","(-5, -5, -5)","(5, 5, 5)",2,-,45.329000555372,"(0.0297449108450234, -0.643233067681966, 0.369182744673618)",2,26,2,Maximal number of iterations reached,0.00107359886169434,secs,0.001
ABCoptim,abc_optim,Rosenbrock,3,"(2.54018685547635, 1.47114276187494, -3.63203246146441)","(-5, -5, -5)","(5, 5, 5)",1,-,5.61346214347652,"(0.789473684210526, 0.789473684210526, 0.789473684210526)",1,-,-,-,0.000605344772338867,secs,0.001
nloptr,sbplx,Rosenbrock,3,"(2.54018685547635, 1.47114276187494, -3.63203246146441)","(-5, -5, -5)","(5, 5, 5)",-,1,5843.73704081032,"(2.54018685547635, 1.47114276187494, -3.63203246146441)",1,-,5,NLOPT_MAXEVAL_REACHED: Optimization stopped because maxeval (above) was reached.,0.00303435325622559,secs,0.001
nloptr,cobyla,Rosenbrock,3,"(2.54018685547635, 1.47114276187494, -3.63203246146441)","(-5, -5, -5)","(5, 5, 5)",-,1,5843.73704081032,"(2.54018685547635, 1.47114276187494, -3.63203246146441)",1,-,5,NLOPT_MAXEVAL_REACHED: Optimization stopped because maxeval (above) was reached.,0.00263190269470215,secs,0.001
nloptr,bobyqa,Rosenbrock,3,"(2.54018685547635, 1.47114276187494, -3.63203246146441)","(-5, -5, -5)","(5, 5, 5)",-,1,5843.73704081032,"(2.54018685547635, 1.47114276187494, -3.63203246146441)",1,-,5,NLOPT_MAXEVAL_REACHED: Optimization stopped because maxeval (above) was reached.,0.00228381156921387,secs,0.001
stats,optim,Rosenbrock,3,"(-0.649282766971737, 4.13993928581476, -4.91136766504496)","(-5, -5, -5)","(5, 5, 5)",7,-,3.00461011617536,"(-0.622516931792706, 0.395593573509626, 0.158028439661494)",10,10,1,NEW_X,0.00105452537536621,secs,0.001
GA,ga,Rosenbrock,3,-,"(-5, -5, -5)","(5, 5, 5)",1,-,19.8607114748571,"(1.35166505118832, 1.86350838048384, 3.03840436041355)",1,-,-,-,0.00489377975463867,secs,0.001
DEoptim,DEoptim,Rosenbrock,3,-,"(-5, -5, -5)","(5, 5, 5)",1,-,202.601272496523,"(-1.04680394753814, 1.00955736590549, 2.42515067337081)",1,4,-,-,0.00192117691040039,secs,0.001
pso,psoptim,Rosenbrock,3,"(-0.649282766971737, 4.13993928581476, -4.91136766504496)","(-5, -5, -5)","(5, 5, 5)",2,-,201.533568506772,"(0.529997381308001, -0.839036858563984, 1.55548372792565)",2,26,2,Maximal number of iterations reached,0.00109481811523438,secs,0.001
ABCoptim,abc_optim,Rosenbrock,3,"(-0.649282766971737, 4.13993928581476, -4.91136766504496)","(-5, -5, -5)","(5, 5, 5)",1,-,5.61346214347652,"(0.789473684210526, 0.789473684210526, 0.789473684210526)",1,-,-,-,0.000599384307861328,secs,0.001
nloptr,sbplx,Rosenbrock,3,"(-0.649282766971737, 4.13993928581476, -4.91136766504496)","(-5, -5, -5)","(5, 5, 5)",-,1,50017.5082457633,"(-0.649282766971737, 4.13993928581476, -4.91136766504496)",1,-,5,NLOPT_MAXEVAL_REACHED: Optimization stopped because maxeval (above) was reached.,0.00222134590148926,secs,0.001
nloptr,cobyla,Rosenbrock,3,"(-0.649282766971737, 4.13993928581476, -4.91136766504496)","(-5, -5, -5)","(5, 5, 5)",-,1,50017.5082457633,"(-0.649282766971737, 4.13993928581476, -4.91136766504496)",1,-,5,NLOPT_MAXEVAL_REACHED: Optimization stopped because maxeval (above) was reached.,0.00224208831787109,secs,0.001
nloptr,bobyqa,Rosenbrock,3,"(-0.649282766971737, 4.13993928581476, -4.91136766504496)","(-5, -5, -5)","(5, 5, 5)",-,1,50017.5082457633,"(-0.649282766971737, 4.13993928581476, -4.91136766504496)",1,-,5,NLOPT_MAXEVAL_REACHED: Optimization stopped because maxeval (above) was reached.,0.00273537635803223,secs,0.001
stats,optim,Rosenbrock,3,"(-1.82044766144827, -2.32769314432517, 0.217630448751152)","(-5, -5, -5)","(5, 5, 5)",7,-,0.00776747374748152,"(0.959990455176989, 0.921514602010693, 0.848938113767186)",11,11,1,NEW_X,0.00117087364196777,secs,0.001
GA,ga,Rosenbrock,3,-,"(-5, -5, -5)","(5, 5, 5)",1,-,118.635711780002,"(1.50920201092958, 1.25572632765397, 1.20442533865571)",1,-,-,-,0.00310540199279785,secs,0.001
DEoptim,DEoptim,Rosenbrock,3,-,"(-5, -5, -5)","(5, 5, 5)",1,-,32.2030226868954,"(-1.13565084571019, 1.70465685520321, 3.22092314017937)",1,4,-,-,0.00117993354797363,secs,0.001
pso,psoptim,Rosenbrock,3,"(-1.82044766144827, -2.32769314432517, 0.217630448751152)","(-5, -5, -5)","(5, 5, 5)",2,-,8.97788701294884,"(-0.290535360109061, 0.330571886152029, 0.198985254392028)",2,26,2,Maximal number of iterations reached,0.00102043151855469,secs,0.001
ABCoptim,abc_optim,Rosenbrock,3,"(-1.82044766144827, -2.32769314432517, 0.217630448751152)","(-5, -5, -5)","(5, 5, 5)",1,-,5.61346214347652,"(0.789473684210526, 0.789473684210526, 0.789473684210526)",1,-,-,-,0.000700473785400391,secs,0.001
nloptr,sbplx,Rosenbrock,3,"(-1.82044766144827, -2.32769314432517, 0.217630448751152)","(-5, -5, -5)","(5, 5, 5)",-,1,5906.47806839083,"(-1.82044766144827, -2.32769314432517, 0.217630448751152)",1,-,5,NLOPT_MAXEVAL_REACHED: Optimization stopped because maxeval (above) was reached.,0.00176334381103516,secs,0.001
nloptr,cobyla,Rosenbrock,3,"(-1.82044766144827, -2.32769314432517, 0.217630448751152)","(-5, -5, -5)","(5, 5, 5)",-,1,5906.47806839083,"(-1.82044766144827, -2.32769314432517, 0.217630448751152)",1,-,5,NLOPT_MAXEVAL_REACHED: Optimization stopped because maxeval (above) was reached.,0.00184202194213867,secs,0.001
nloptr,bobyqa,Rosenbrock,3,"(-1.82044766144827, -2.32769314432517, 0.217630448751152)","(-5, -5, -5)","(5, 5, 5)",-,1,5906.47806839083,"(-1.82044766144827, -2.32769314432517, 0.217630448751152)",1,-,5,NLOPT_MAXEVAL_REACHED: Optimization stopped because maxeval (above) was reached.,0.00236177444458008,secs,0.001
stats,optim,Rosenbrock,3,"(2.36046289093792, -4.09286256181076, 1.35001562302932)","(-5, -5, -5)","(5, 5, 5)",7,-,3.04894321090142,"(-0.645382316158564, 0.428894432424136, 0.185299115234172)",11,11,1,NEW_X,0.00115251541137695,secs,0.001
GA,ga,Rosenbrock,3,-,"(-5, -5, -5)","(5, 5, 5)",1,-,87.7566914607482,"(-0.114860581234097, 0.0665703997947276, -0.919459995348006)",1,-,-,-,0.00351190567016602,secs,0.001
DEoptim,DEoptim,Rosenbrock,3,-,"(-5, -5, -5)","(5, 5, 5)",1,-,93.630743818749,"(0.149978995323181, -0.870034823194146, 1.06921788444743)",1,4,-,-,0.0017707347869873,secs,0.001
pso,psoptim,Rosenbrock,3,"(2.36046289093792, -4.09286256181076, 1.35001562302932)","(-5, -5, -5)","(5, 5, 5)",2,-,22.1875551155898,"(-0.261536831510121, 0.271223241993538, -0.325828727185918)",2,26,2,Maximal number of iterations reached,0.00198793411254883,secs,0.001
ABCoptim,abc_optim,Rosenbrock,3,"(2.36046289093792, -4.09286256181076, 1.35001562302932)","(-5, -5, -5)","(5, 5, 5)",1,-,5.61346214347652,"(0.789473684210526, 0.789473684210526, 0.789473684210526)",1,-,-,-,0.000773191452026367,secs,0.001
nloptr,sbplx,Rosenbrock,3,"(2.36046289093792, -4.09286256181076, 1.35001562302932)","(-5, -5, -5)","(5, 5, 5)",-,1,33088.9753469332,"(2.36046289093792, -4.09286256181076, 1.35001562302932)",1,-,5,NLOPT_MAXEVAL_REACHED: Optimization stopped because maxeval (above) was reached.,0.00326204299926758,secs,0.001
nloptr,cobyla,Rosenbrock,3,"(2.36046289093792, -4.09286256181076, 1.35001562302932)","(-5, -5, -5)","(5, 5, 5)",-,1,33088.9753469332,"(2.36046289093792, -4.09286256181076, 1.35001562302932)",1,-,5,NLOPT_MAXEVAL_REACHED: Optimization stopped because maxeval (above) was reached.,0.00295686721801758,secs,0.001
nloptr,bobyqa,Rosenbrock,3,"(2.36046289093792, -4.09286256181076, 1.35001562302932)","(-5, -5, -5)","(5, 5, 5)",-,1,33088.9753469332,"(2.36046289093792, -4.09286256181076, 1.35001562302932)",1,-,5,NLOPT_MAXEVAL_REACHED: Optimization stopped because maxeval (above) was reached.,0.00321054458618164,secs,0.001
stats,optim,Rosenbrock,3,"(-0.297965516801924, -3.47419360885397, -2.92031541466713)","(-5, -5, -5)","(5, 5, 5)",7,-,0.71812462949049,"(0.539218002225517, 0.290127833132125, 0.0798769272074512)",10,10,1,NEW_X,0.00114822387695312,secs,0.001
GA,ga,Rosenbrock,3,-,"(-5, -5, -5)","(5, 5, 5)",1,-,155.660153728428,"(0.0126765831373632, 1.07047257712111, 0.512479399330914)",1,-,-,-,0.00379323959350586,secs,0.001
DEoptim,DEoptim,Rosenbrock,3,-,"(-5, -5, -5)","(5, 5, 5)",1,-,109.89623011727,"(-0.285067139659077, 0.408889590762556, 1.15289613371715)",1,4,-,-,0.00172305107116699,secs,0.001
pso,psoptim,Rosenbrock,3,"(-0.297965516801924, -3.47419360885397, -2.92031541466713)","(-5, -5, -5)","(5, 5, 5)",2,-,8.07880750474244,"(0.690888108721009, 0.244949371089023, -0.08188879464804)",2,26,2,Maximal number of iterations reached,0.00147557258605957,secs,0.001
ABCoptim,abc_optim,Rosenbrock,3,"(-0.297965516801924, -3.47419360885397, -2.92031541466713)","(-5, -5, -5)","(5, 5, 5)",1,-,5.61346214347652,"(0.789473684210526, 0.789473684210526, 0.789473684210526)",1,-,-,-,0.0012054443359375,secs,0.001
nloptr,sbplx,Rosenbrock,3,"(-0.297965516801924, -3.47419360885397, -2.92031541466713)","(-5, -5, -5)","(5, 5, 5)",-,1,23762.2029520031,"(-0.297965516801924, -3.47419360885397, -2.92031541466713)",1,-,5,NLOPT_MAXEVAL_REACHED: Optimization stopped because maxeval (above) was reached.,0.00247716903686523,secs,0.001
nloptr,cobyla,Rosenbrock,3,"(-0.297965516801924, -3.47419360885397, -2.92031541466713)","(-5, -5, -5)","(5, 5, 5)",-,1,23762.2029520031,"(-0.297965516801924, -3.47419360885397, -2.92031541466713)",1,-,5,NLOPT_MAXEVAL_REACHED: Optimization stopped because maxeval (above) was reached.,0.00489044189453125,secs,0.001
nloptr,bobyqa,Rosenbrock,3,"(-0.297965516801924, -3.47419360885397, -2.92031541466713)","(-5, -5, -5)","(5, 5, 5)",-,1,23762.2029520031,"(-0.297965516801924, -3.47419360885397, -2.92031541466713)",1,-,5,NLOPT_MAXEVAL_REACHED: Optimization stopped because maxeval (above) was reached.,0.00296664237976074,secs,0.001
stats,optim,Rosenbrock,3,"(1.9943321030587, 2.20708567881957, 3.30095991957933)","(-5, -5, -5)","(5, 5, 5)",7,-,0.828027029426492,"(1.3560631426105, 1.83698973953359, 3.37272420485584)",11,11,1,NEW_X,0.00165438652038574,secs,0.001
GA,ga,Rosenbrock,3,-,"(-5, -5, -5)","(5, 5, 5)",1,-,183.795243620337,"(1.33868677075952, 0.58077949564904, -0.269154969137162)",1,-,-,-,0.00401926040649414,secs,0.001
DEoptim,DEoptim,Rosenbrock,3,-,"(-5, -5, -5)","(5, 5, 5)",1,-,162.877757544443,"(0.911373591516167, -0.0460826177150011, 0.923633527010679)",1,4,-,-,0.00202417373657227,secs,0.001
pso,psoptim,Rosenbrock,3,"(1.9943321030587, 2.20708567881957, 3.30095991957933)","(-5, -5, -5)","(5, 5, 5)",2,-,123.73459480692,"(1.47322767414153, 1.22520301956683, 0.916997089516371)",2,26,2,Maximal number of iterations reached,0.00129222869873047,secs,0.001
ABCoptim,abc_optim,Rosenbrock,3,"(1.9943321030587, 2.20708567881957, 3.30095991957933)","(-5, -5, -5)","(5, 5, 5)",1,-,5.61346214347652,"(0.789473684210526, 0.789473684210526, 0.789473684210526)",1,-,-,-,0.00069427490234375,secs,0.001
nloptr,sbplx,Rosenbrock,3,"(1.9943321030587, 2.20708567881957, 3.30095991957933)","(-5, -5, -5)","(5, 5, 5)",-,1,562.406990822489,"(1.9943321030587, 2.20708567881957, 3.30095991957933)",1,-,5,NLOPT_MAXEVAL_REACHED: Optimization stopped because maxeval (above) was reached.,0.00374293327331543,secs,0.001
nloptr,cobyla,Rosenbrock,3,"(1.9943321030587, 2.20708567881957, 3.30095991957933)","(-5, -5, -5)","(5, 5, 5)",-,1,562.406990822489,"(1.9943321030587, 2.20708567881957, 3.30095991957933)",1,-,5,NLOPT_MAXEVAL_REACHED: Optimization stopped because maxeval (above) was reached.,0.00291323661804199,secs,0.001
nloptr,bobyqa,Rosenbrock,3,"(1.9943321030587, 2.20708567881957, 3.30095991957933)","(-5, -5, -5)","(5, 5, 5)",-,1,562.406990822489,"(1.9943321030587, 2.20708567881957, 3.30095991957933)",1,-,5,NLOPT_MAXEVAL_REACHED: Optimization stopped because maxeval (above) was reached.,0.00258612632751465,secs,0.001
stats,optim,Rosenbrock,3,"(-3.02394412690774, 3.11867614509538, -1.51743893511593)","(-5, -5, -5)","(5, 5, 5)",13540,-,8.74572523444759e-09,"(0.999958114632651, 0.999916753497035, 0.999834097556834)",115,115,0,CONVERGENCE: REL_REDUCTION_OF_F <= FACTR*EPSMCH,0.0107190608978271,secs,0.01
GA,ga,Rosenbrock,3,-,"(-5, -5, -5)","(5, 5, 5)",4,-,3.07483438416616,"(0.0337452994357106, -0.032538996502715, -0.0970039706358307)",4,-,-,-,0.00784039497375488,secs,0.01
DEoptim,DEoptim,Rosenbrock,3,-,"(-5, -5, -5)","(5, 5, 5)",21,-,0.925972607988187,"(0.496305559468171, 0.26921437514426, 0.0431850802471995)",21,44,-,-,0.00911617279052734,secs,0.01
pso,psoptim,Rosenbrock,3,"(-3.02394412690774, 3.11867614509538, -1.51743893511593)","(-5, -5, -5)","(5, 5, 5)",24,-,1.76644501823631,"(0.485612752103467, 0.227072226951631, -0.0431367532544898)",24,312,2,Maximal number of iterations reached,0.0096290111541748,secs,0.01
ABCoptim,abc_optim,Rosenbrock,3,"(-3.02394412690774, 3.11867614509538, -1.51743893511593)","(-5, -5, -5)","(5, 5, 5)",6,-,3.4657115989839,"(0.823263155884648, 0.849719910245192, 0.789473684210526)",6,-,-,-,0.0112380981445312,secs,0.01
nloptr,sbplx,Rosenbrock,3,"(-3.02394412690774, 3.11867614509538, -1.51743893511593)","(-5, -5, -5)","(5, 5, 5)",-,230,0.641295764986508,"(0.586359588555481, 0.339753819943423, 0.0973713867160784)",230,-,5,NLOPT_MAXEVAL_REACHED: Optimization stopped because maxeval (above) was reached.,0.00904512405395508,secs,0.01
nloptr,cobyla,Rosenbrock,3,"(-3.02394412690774, 3.11867614509538, -1.51743893511593)","(-5, -5, -5)","(5, 5, 5)",-,250,3.50672970998121,"(-0.851015089460464, 0.733850230635923, 0.540474925934674)",250,-,5,NLOPT_MAXEVAL_REACHED: Optimization stopped because maxeval (above) was reached.,0.0102298259735107,secs,0.01
nloptr,bobyqa,Rosenbrock,3,"(-3.02394412690774, 3.11867614509538, -1.51743893511593)","(-5, -5, -5)","(5, 5, 5)",-,300,0.0414936346580102,"(0.90738005700477, 0.824159459265485, 0.674848029879206)",300,-,5,NLOPT_MAXEVAL_REACHED: Optimization stopped because maxeval (above) was reached.,0.0112872123718262,secs,0.01
stats,optim,Rosenbrock,3,"(0.885161568876356, -3.20966348284855, 1.81077413726598)","(-5, -5, -5)","(5, 5, 5)",13540,-,3.16964616543103e-08,"(0.999920191227127, 0.999841036874114, 0.999682495868868)",134,134,52,ERROR: ABNORMAL_TERMINATION_IN_LNSRCH,0.0102672576904297,secs,0.01
GA,ga,Rosenbrock,3,-,"(-5, -5, -5)","(5, 5, 5)",4,-,3.37326971419904,"(-0.0329598988048023, 0.093017673291248, 0.0885591014667471)",4,-,-,-,0.00784063339233398,secs,0.01
DEoptim,DEoptim,Rosenbrock,3,-,"(-5, -5, -5)","(5, 5, 5)",21,-,0.492969338942039,"(0.701122845394115, 0.528260072829308, 0.257492321445548)",21,44,-,-,0.0109918117523193,secs,0.01
pso,psoptim,Rosenbrock,3,"(0.885161568876356, -3.20966348284855, 1.81077413726598)","(-5, -5, -5)","(5, 5, 5)",24,-,0.473508526420428,"(0.71026094400308, 0.531694825734677, 0.313704914577974)",24,312,2,Maximal number of iterations reached,0.0100483894348145,secs,0.01
ABCoptim,abc_optim,Rosenbrock,3,"(0.885161568876356, -3.20966348284855, 1.81077413726598)","(-5, -5, -5)","(5, 5, 5)",6,-,1.89642825026327,"(0.430646928909577, 0.153282068081592, 0.110202536428148)",6,-,-,-,0.00849533081054688,secs,0.01
nloptr,sbplx,Rosenbrock,3,"(0.885161568876356, -3.20966348284855, 1.81077413726598)","(-5, -5, -5)","(5, 5, 5)",-,230,0.12088886117288,"(0.832917163960956, 0.696651641119927, 0.486375124596256)",230,-,5,NLOPT_MAXEVAL_REACHED: Optimization stopped because maxeval (above) was reached.,0.0124733448028564,secs,0.01
nloptr,cobyla,Rosenbrock,3,"(0.885161568876356, -3.20966348284855, 1.81077413726598)","(-5, -5, -5)","(5, 5, 5)",-,250,0.76234507222078,"(0.521730424334299, 0.269887641524384, 0.0726574208714924)",250,-,5,NLOPT_MAXEVAL_REACHED: Optimization stopped because maxeval (above) was reached.,0.0135762691497803,secs,0.01
nloptr,bobyqa,Rosenbrock,3,"(0.885161568876356, -3.20966348284855, 1.81077413726598)","(-5, -5, -5)","(5, 5, 5)",-,300,1.29422492262822e-30,"(1, 1, 1)",300,-,5,NLOPT_MAXEVAL_REACHED: Optimization stopped because maxeval (above) was reached.,0.0147881507873535,secs,0.01
stats,optim,Rosenbrock,3,"(1.48440795950592, 4.30275910533965, -4.39111404353753)","(-5, -5, -5)","(5, 5, 5)",13540,-,7.23307197629423e-08,"(0.999879669033963, 0.999759480758847, 0.999519036453748)",116,116,52,ERROR: ABNORMAL_TERMINATION_IN_LNSRCH,0.0128157138824463,secs,0.01
GA,ga,Rosenbrock,3,-,"(-5, -5, -5)","(5, 5, 5)",4,-,12.9188106511106,"(-0.999416291151394, 1.0579002772308, 1.41187978847727)",4,-,-,-,0.0141134262084961,secs,0.01
DEoptim,DEoptim,Rosenbrock,3,-,"(-5, -5, -5)","(5, 5, 5)",21,-,0.461350031747641,"(1.06725132725447, 1.17328802423924, 1.32098053243457)",21,44,-,-,0.0142090320587158,secs,0.01
pso,psoptim,Rosenbrock,3,"(1.48440795950592, 4.30275910533965, -4.39111404353753)","(-5, -5, -5)","(5, 5, 5)",24,-,2.24238266773325,"(0.703074752108023, 0.436126220362026, 0.312585874571185)",24,312,2,Maximal number of iterations reached,0.0176444053649902,secs,0.01
ABCoptim,abc_optim,Rosenbrock,3,"(1.48440795950592, 4.30275910533965, -4.39111404353753)","(-5, -5, -5)","(5, 5, 5)",6,-,3.87870142324983,"(0.789473684210526, 0.789473684210526, 0.724641723164845)",6,-,-,-,0.0142502784729004,secs,0.01
nloptr,sbplx,Rosenbrock,3,"(1.48440795950592, 4.30275910533965, -4.39111404353753)","(-5, -5, -5)","(5, 5, 5)",-,230,0.888620663445821,"(0.468558865500886, 0.225195099727097, 0.0455372063198429)",230,-,5,NLOPT_MAXEVAL_REACHED: Optimization stopped because maxeval (above) was reached.,0.012136697769165,secs,0.01
nloptr,cobyla,Rosenbrock,3,"(1.48440795950592, 4.30275910533965, -4.39111404353753)","(-5, -5, -5)","(5, 5, 5)",-,250,0.926799325748567,"(0.460865605500415, 0.206578732039527, 0.0369907827158613)",250,-,5,NLOPT_MAXEVAL_REACHED: Optimization stopped because maxeval (above) was reached.,0.0105817317962646,secs,0.01
nloptr,bobyqa,Rosenbrock,3,"(1.48440795950592, 4.30275910533965, -4.39111404353753)","(-5, -5, -5)","(5, 5, 5)",-,300,1.07132241309671e-27,"(1.00000000000001, 1.00000000000001, 1.00000000000002)",300,-,5,NLOPT_MAXEVAL_REACHED: Optimization stopped because maxeval (above) was reached.,0.0125985145568848,secs,0.01
stats,optim,Rosenbrock,3,"(1.12254098290578, 1.02276757592335, -1.21997227659449)","(-5, -5, -5)","(5, 5, 5)",13540,-,3.65809925897482e-08,"(0.99991472340289, 0.99982892907702, 0.999657486529095)",103,103,52,ERROR: ABNORMAL_TERMINATION_IN_LNSRCH,0.00829505920410156,secs,0.01
GA,ga,Rosenbrock,3,-,"(-5, -5, -5)","(5, 5, 5)",4,-,4.05295979361546,"(0.425550386314273, 0.126768046932065, 0.179327967918617)",4,-,-,-,0.0109279155731201,secs,0.01
DEoptim,DEoptim,Rosenbrock,3,-,"(-5, -5, -5)","(5, 5, 5)",21,-,1.47368734753854,"(0.829182750614126, 0.60241611598283, 0.437855802467465)",21,44,-,-,0.0113868713378906,secs,0.01
pso,psoptim,Rosenbrock,3,"(1.12254098290578, 1.02276757592335, -1.21997227659449)","(-5, -5, -5)","(5, 5, 5)",24,-,1.8468504386149,"(0.170291827835206, 0.0228654807339342, -0.0441851709659125)",24,312,2,Maximal number of iterations reached,0.0218970775604248,secs,0.01
ABCoptim,abc_optim,Rosenbrock,3,"(1.12254098290578, 1.02276757592335, -1.21997227659449)","(-5, -5, -5)","(5, 5, 5)",6,-,3.5483674585289,"(0.488852278384865, 0.263157894736842, 0.233132687586717)",6,-,-,-,0.00783395767211914,secs,0.01
nloptr,sbplx,Rosenbrock,3,"(1.12254098290578, 1.02276757592335, -1.21997227659449)","(-5, -5, -5)","(5, 5, 5)",-,230,0.590019599667722,"(0.595047199000218, 0.34987072200297, 0.126399464592822)",230,-,5,NLOPT_MAXEVAL_REACHED: Optimization stopped because maxeval (above) was reached.,0.00921154022216797,secs,0.01
nloptr,cobyla,Rosenbrock,3,"(1.12254098290578, 1.02276757592335, -1.21997227659449)","(-5, -5, -5)","(5, 5, 5)",-,250,0.0220675601086389,"(1.06456052401078, 1.13356351209113, 1.2856925788098)",250,-,5,NLOPT_MAXEVAL_REACHED: Optimization stopped because maxeval (above) was reached.,0.00919246673583984,secs,0.01
nloptr,bobyqa,Rosenbrock,3,"(1.12254098290578, 1.02276757592335, -1.21997227659449)","(-5, -5, -5)","(5, 5, 5)",-,300,2.46519032881566e-31,"(1, 1, 0.999999999999999)",300,-,5,NLOPT_MAXEVAL_REACHED: Optimization stopped because maxeval (above) was reached.,0.014406681060791,secs,0.01
stats,optim,Rosenbrock,3,"(-3.23704236187041, -4.19808291364461, -1.96926107164472)","(-5, -5, -5)","(5, 5, 5)",13540,-,5.15500531207329e-08,"(0.999898402966067, 0.999796962150673, 0.999593839075088)",91,91,0,CONVERGENCE: REL_REDUCTION_OF_F <= FACTR*EPSMCH,0.00769495964050293,secs,0.01
GA,ga,Rosenbrock,3,-,"(-5, -5, -5)","(5, 5, 5)",4,-,56.366433377406,"(1.2818554416104, 1.07787129692215, 1.65502600085635)",4,-,-,-,0.00969958305358887,secs,0.01
DEoptim,DEoptim,Rosenbrock,3,-,"(-5, -5, -5)","(5, 5, 5)",21,-,0.780155955570125,"(0.578061134169263, 0.33942329893213, 0.155579716711939)",21,44,-,-,0.0103304386138916,secs,0.01
pso,psoptim,Rosenbrock,3,"(-3.23704236187041, -4.19808291364461, -1.96926107164472)","(-5, -5, -5)","(5, 5, 5)",24,-,2.40770188262011,"(0.0236746215443152, -0.0338978292153161, 0.0528025579877356)",24,312,2,Maximal number of iterations reached,0.0107686519622803,secs,0.01
ABCoptim,abc_optim,Rosenbrock,3,"(-3.23704236187041, -4.19808291364461, -1.96926107164472)","(-5, -5, -5)","(5, 5, 5)",6,-,0.986930036173178,"(0.471919043793124, 0.263157894736842, 0.0653771749146427)",6,-,-,-,0.00831484794616699,secs,0.01
nloptr,sbplx,Rosenbrock,3,"(-3.23704236187041, -4.19808291364461, -1.96926107164472)","(-5, -5, -5)","(5, 5, 5)",-,230,0.689001434523927,"(0.559715616692307, 0.310582289527308, 0.0826317871821543)",230,-,5,NLOPT_MAXEVAL_REACHED: Optimization stopped because maxeval (above) was reached.,0.0126070976257324,secs,0.01
nloptr,cobyla,Rosenbrock,3,"(-3.23704236187041, -4.19808291364461, -1.96926107164472)","(-5, -5, -5)","(5, 5, 5)",-,250,1.28403110740038,"(0.317069750418642, 0.0966362658937987, 0.00861251547421009)",250,-,5,NLOPT_MAXEVAL_REACHED: Optimization stopped because maxeval (above) was reached.,0.0124602317810059,secs,0.01
nloptr,bobyqa,Rosenbrock,3,"(-3.23704236187041, -4.19808291364461, -1.96926107164472)","(-5, -5, -5)","(5, 5, 5)",-,300,5.36939517632524e-20,"(1.00000000010291, 1.00000000020716, 1.000000000414)",300,-,5,NLOPT_MAXEVAL_REACHED: Optimization stopped because maxeval (above) was reached.,0.0135698318481445,secs,0.01
stats,optim,Rosenbrock,3,"(0.169883079361171, 0.398949952796102, 4.39772728597745)","(-5, -5, -5)","(5, 5, 5)",13540,-,7.0168569947736e-08,"(0.999881824348105, 0.999763201201332, 0.999525418670441)",101,101,52,ERROR: ABNORMAL_TERMINATION_IN_LNSRCH,0.00842738151550293,secs,0.01
GA,ga,Rosenbrock,3,-,"(-5, -5, -5)","(5, 5, 5)",4,-,60.3980063687101,"(0.799522187982781, 1.22733893330698, 0.999215965267808)",4,-,-,-,0.00982952117919922,secs,0.01
DEoptim,DEoptim,Rosenbrock,3,-,"(-5, -5, -5)","(5, 5, 5)",21,-,1.0146918225963,"(0.571205538883033, 0.31030900418274, 0.0388756777428076)",21,44,-,-,0.0106017589569092,secs,0.01
pso,psoptim,Rosenbrock,3,"(0.169883079361171, 0.398949952796102, 4.39772728597745)","(-5, -5, -5)","(5, 5, 5)",24,-,2.19866973135209,"(0.572397352891157, 0.323823933171214, -0.0199241319244639)",24,312,2,Maximal number of iterations reached,0.0108613967895508,secs,0.01
ABCoptim,abc_optim,Rosenbrock,3,"(0.169883079361171, 0.398949952796102, 4.39772728597745)","(-5, -5, -5)","(5, 5, 5)",6,-,1.86479271578095,"(0.470812748851369, 0.227985239550017, -0.047257391147708)",6,-,-,-,0.0210623741149902,secs,0.01
nloptr,sbplx,Rosenbrock,3,"(0.169883079361171, 0.398949952796102, 4.39772728597745)","(-5, -5, -5)","(5, 5, 5)",-,230,7.24268464049174,"(-1.44966097686692, 2.11003042904424, 4.45715816736875)",230,-,5,NLOPT_MAXEVAL_REACHED: Optimization stopped because maxeval (above) was reached.,0.0126986503601074,secs,0.01
nloptr,cobyla,Rosenbrock,3,"(0.169883079361171, 0.398949952796102, 4.39772728597745)","(-5, -5, -5)","(5, 5, 5)",-,250,1.29267452994579,"(1.43170931675055, 2.05129379663514, 4.21073417410685)",250,-,5,NLOPT_MAXEVAL_REACHED: Optimization stopped because maxeval (above) was reached.,0.0122127532958984,secs,0.01
nloptr,bobyqa,Rosenbrock,3,"(0.169883079361171, 0.398949952796102, 4.39772728597745)","(-5, -5, -5)","(5, 5, 5)",-,300,5.91941506485483e-05,"(0.996617149145402, 0.993190071691504, 0.986323298877697)",300,-,5,NLOPT_MAXEVAL_REACHED: Optimization stopped because maxeval (above) was reached.,0.0136134624481201,secs,0.01
stats,optim,Rosenbrock,3,"(-3.61193382414058, -0.889910678379238, 4.78475239127874)","(-5, -5, -5)","(5, 5, 5)",13540,-,7.19869702874602e-08,"(0.999879858709657, 0.999760131070847, 0.999520319692898)",117,117,0,CONVERGENCE: REL_REDUCTION_OF_F <= FACTR*EPSMCH,0.0117018222808838,secs,0.01
GA,ga,Rosenbrock,3,-,"(-5, -5, -5)","(5, 5, 5)",4,-,7.22283025001554,"(-1.40920485369861, 2.01102779479697, 3.98652362637222)",4,-,-,-,0.012070894241333,secs,0.01
DEoptim,DEoptim,Rosenbrock,3,-,"(-5, -5, -5)","(5, 5, 5)",21,-,0.329751765568429,"(0.736729077730857, 0.543521054195285, 0.272609279455482)",21,44,-,-,0.0134835243225098,secs,0.01
pso,psoptim,Rosenbrock,3,"(-3.61193382414058, -0.889910678379238, 4.78475239127874)","(-5, -5, -5)","(5, 5, 5)",24,-,1.34366605908657,"(0.417705491414177, 0.155018506655868, 0.0743038642902979)",24,312,2,Maximal number of iterations reached,0.018477201461792,secs,0.01
ABCoptim,abc_optim,Rosenbrock,3,"(-3.61193382414058, -0.889910678379238, 4.78475239127874)","(-5, -5, -5)","(5, 5, 5)",6,-,2.39746065905384,"(0.799032276447273, 0.789473684210526, 0.605376276285632)",6,-,-,-,0.00858902931213379,secs,0.01
nloptr,sbplx,Rosenbrock,3,"(-3.61193382414058, -0.889910678379238, 4.78475239127874)","(-5, -5, -5)","(5, 5, 5)",-,230,5.79284597737968,"(-1.30043090162381, 1.69990909015281, 2.89540670923494)",230,-,5,NLOPT_MAXEVAL_REACHED: Optimization stopped because maxeval (above) was reached.,0.00942778587341309,secs,0.01
nloptr,cobyla,Rosenbrock,3,"(-3.61193382414058, -0.889910678379238, 4.78475239127874)","(-5, -5, -5)","(5, 5, 5)",-,250,7.49258151835148,"(-1.47128745645703, 2.173083758531, 4.7269227038075)",250,-,5,NLOPT_MAXEVAL_REACHED: Optimization stopped because maxeval (above) was reached.,0.0117659568786621,secs,0.01
nloptr,bobyqa,Rosenbrock,3,"(-3.61193382414058, -0.889910678379238, 4.78475239127874)","(-5, -5, -5)","(5, 5, 5)",-,300,5.00680245488978,"(-1.19240361981869, 1.42587427768884, 2.02001730886922)",300,-,5,NLOPT_MAXEVAL_REACHED: Optimization stopped because maxeval (above) was reached.,0.0124733448028564,secs,0.01
stats,optim,Rosenbrock,3,"(-1.40861670486629, -2.46676128590479, 4.522758142557)","(-5, -5, -5)","(5, 5, 5)",13540,-,4.54046142521502e-08,"(0.999904470742982, 0.99980966441936, 0.999619321485899)",83,83,52,ERROR: ABNORMAL_TERMINATION_IN_LNSRCH,0.00638079643249512,secs,0.01
GA,ga,Rosenbrock,3,-,"(-5, -5, -5)","(5, 5, 5)",4,-,9.62289040713733,"(-0.758501207455993, 0.773336158599705, 0.438101661857218)",4,-,-,-,0.00815939903259277,secs,0.01
DEoptim,DEoptim,Rosenbrock,3,-,"(-5, -5, -5)","(5, 5, 5)",21,-,0.10915741681099,"(0.913100150853861, 0.809682522589465, 0.664218091703101)",21,44,-,-,0.0165634155273438,secs,0.01
pso,psoptim,Rosenbrock,3,"(-1.40861670486629, -2.46676128590479, 4.522758142557)","(-5, -5, -5)","(5, 5, 5)",24,-,4.5528587007716,"(-1.09647809032529, 1.22024645534615, 1.51671308350467)",24,312,2,Maximal number of iterations reached,0.0134599208831787,secs,0.01
ABCoptim,abc_optim,Rosenbrock,3,"(-1.40861670486629, -2.46676128590479, 4.522758142557)","(-5, -5, -5)","(5, 5, 5)",6,-,0.159268527692371,"(1.14877484735904, 1.31578947368421, 1.75024794653644)",6,-,-,-,0.00814509391784668,secs,0.01
nloptr,sbplx,Rosenbrock,3,"(-1.40861670486629, -2.46676128590479, 4.522758142557)","(-5, -5, -5)","(5, 5, 5)",-,230,0.929202458394121,"(0.50134001546084, 0.229147572654955, 0.0332553528112773)",230,-,5,NLOPT_MAXEVAL_REACHED: Optimization stopped because maxeval (above) was reached.,0.0145649909973145,secs,0.01
nloptr,cobyla,Rosenbrock,3,"(-1.40861670486629, -2.46676128590479, 4.522758142557)","(-5, -5, -5)","(5, 5, 5)",-,250,457.183977615854,"(0.00254661369524285, -2.05225593052122, 4.71865376101184)",250,-,5,NLOPT_MAXEVAL_REACHED: Optimization stopped because maxeval (above) was reached.,0.0110089778900146,secs,0.01
nloptr,bobyqa,Rosenbrock,3,"(-1.40861670486629, -2.46676128590479, 4.522758142557)","(-5, -5, -5)","(5, 5, 5)",-,300,1.17926370271181e-07,"(0.999985296002321, 0.99995790822469, 0.99988421915951)",300,-,5,NLOPT_MAXEVAL_REACHED: Optimization stopped because maxeval (above) was reached.,0.026665210723877,secs,0.01
stats,optim,Rosenbrock,3,"(1.49773945333436, 2.10098042152822, -4.93492066394538)","(-5, -5, -5)","(5, 5, 5)",13540,-,1.43417737535979e-09,"(0.999983578295435, 0.999968170926114, 0.999937039874297)",166,166,52,ERROR: ABNORMAL_TERMINATION_IN_LNSRCH,0.0134098529815674,secs,0.01
GA,ga,Rosenbrock,3,-,"(-5, -5, -5)","(5, 5, 5)",4,-,9.1963345246669,"(0.719675180541457, 0.529291097740262, -0.0178993119688879)",4,-,-,-,0.0090937614440918,secs,0.01
DEoptim,DEoptim,Rosenbrock,3,-,"(-5, -5, -5)","(5, 5, 5)",21,-,0.667070540346864,"(0.70806215968796, 0.455325634172326, 0.180241950962392)",21,44,-,-,0.0132834911346436,secs,0.01
pso,psoptim,Rosenbrock,3,"(1.49773945333436, 2.10098042152822, -4.93492066394538)","(-5, -5, -5)","(5, 5, 5)",24,-,0.473841059298299,"(0.696756746008064, 0.456587056532056, 0.214097335140862)",24,312,2,Maximal number of iterations reached,0.0116860866546631,secs,0.01
ABCoptim,abc_optim,Rosenbrock,3,"(1.49773945333436, 2.10098042152822, -4.93492066394538)","(-5, -5, -5)","(5, 5, 5)",6,-,2.41026886152205,"(0.37658560442134, 0.263157894736842, 0.0772012501370559)",6,-,-,-,0.0104694366455078,secs,0.01
nloptr,sbplx,Rosenbrock,3,"(1.49773945333436, 2.10098042152822, -4.93492066394538)","(-5, -5, -5)","(5, 5, 5)",-,230,0.649553050876613,"(0.582512232261065, 0.326036193086499, 0.100483656743111)",230,-,5,NLOPT_MAXEVAL_REACHED: Optimization stopped because maxeval (above) was reached.,0.0325303077697754,secs,0.01
nloptr,cobyla,Rosenbrock,3,"(1.49773945333436, 2.10098042152822, -4.93492066394538)","(-5, -5, -5)","(5, 5, 5)",-,250,2372.83813158401,"(0.00889974874977092, 0.000949884605810933, -4.86914447954417)",250,-,5,NLOPT_MAXEVAL_REACHED: Optimization stopped because maxeval (above) was reached.,0.0118780136108398,secs,0.01
nloptr,bobyqa,Rosenbrock,3,"(1.49773945333436, 2.10098042152822, -4.93492066394538)","(-5, -5, -5)","(5, 5, 5)",-,300,0.142722200473001,"(0.819274904197212, 0.670114313245959, 0.445712952048062)",300,-,5,NLOPT_MAXEVAL_REACHED: Optimization stopped because maxeval (above) was reached.,0.0138289928436279,secs,0.01
stats,optim,Rosenbrock,3,"(4.87921546446159, 4.70322715118527, -3.60000575892627)","(-5, -5, -5)","(5, 5, 5)",13540,-,7.19304427424824e-08,"(0.999879905818879, 0.999760225339031, 0.999520508564467)",182,182,0,CONVERGENCE: REL_REDUCTION_OF_F <= FACTR*EPSMCH,0.0197446346282959,secs,0.01
GA,ga,Rosenbrock,3,-,"(-5, -5, -5)","(5, 5, 5)",4,-,23.1113947372743,"(0.479338757624133, 0.682378057493669, 0.315519086082571)",4,-,-,-,0.0112593173980713,secs,0.01
DEoptim,DEoptim,Rosenbrock,3,-,"(-5, -5, -5)","(5, 5, 5)",21,-,0.850669818410372,"(1.0488059028347, 1.11794253291837, 1.16023202449565)",21,44,-,-,0.0161025524139404,secs,0.01
pso,psoptim,Rosenbrock,3,"(4.87921546446159, 4.70322715118527, -3.60000575892627)","(-5, -5, -5)","(5, 5, 5)",24,-,1.11908161798489,"(0.432640178900665, 0.160567396070014, 0.0110416505968844)",24,312,2,Maximal number of iterations reached,0.014676570892334,secs,0.01
ABCoptim,abc_optim,Rosenbrock,3,"(4.87921546446159, 4.70322715118527, -3.60000575892627)","(-5, -5, -5)","(5, 5, 5)",6,-,2.90284097086107,"(-0.0227391660997744, -0.0752609633369844, -0.0298925590444926)",6,-,-,-,0.0102941989898682,secs,0.01
nloptr,sbplx,Rosenbrock,3,"(4.87921546446159, 4.70322715118527, -3.60000575892627)","(-5, -5, -5)","(5, 5, 5)",-,230,0.887218433377316,"(0.496391456647068, 0.242433240727888, 0.0346673623694467)",230,-,5,NLOPT_MAXEVAL_REACHED: Optimization stopped because maxeval (above) was reached.,0.0101776123046875,secs,0.01
nloptr,cobyla,Rosenbrock,3,"(4.87921546446159, 4.70322715118527, -3.60000575892627)","(-5, -5, -5)","(5, 5, 5)",-,250,1.70976564523075,"(1.48796816807645, 2.21299130133538, 4.89871933187613)",250,-,5,NLOPT_MAXEVAL_REACHED: Optimization stopped because maxeval (above) was reached.,0.00956296920776367,secs,0.01
nloptr,bobyqa,Rosenbrock,3,"(4.87921546446159, 4.70322715118527, -3.60000575892627)","(-5, -5, -5)","(5, 5, 5)",-,300,8.85003328044823e-30,"(0.999999999999999, 0.999999999999999, 0.999999999999997)",300,-,5,NLOPT_MAXEVAL_REACHED: Optimization stopped because maxeval (above) was reached.,0.0251297950744629,secs,0.01
stats,optim,Rosenbrock,3,"(0.930825914256275, -0.522935246117413, 3.59385367017239)","(-5, -5, -5)","(5, 5, 5)",13540,-,7.19280670867011e-08,"(0.999879934762958, 0.999760203914718, 0.999520458159918)",59,59,0,CONVERGENCE: REL_REDUCTION_OF_F <= FACTR*EPSMCH,0.00549697875976562,secs,0.01
GA,ga,Rosenbrock,3,-,"(-5, -5, -5)","(5, 5, 5)",4,-,10.9287382138172,"(-0.753201739228169, 0.51470042098721, -0.00605763260541536)",4,-,-,-,0.0101709365844727,secs,0.01
DEoptim,DEoptim,Rosenbrock,3,-,"(-5, -5, -5)","(5, 5, 5)",21,-,0.315827597260592,"(0.805625097551329, 0.691484152592643, 0.483292048712677)",21,44,-,-,0.0118508338928223,secs,0.01
pso,psoptim,Rosenbrock,3,"(0.930825914256275, -0.522935246117413, 3.59385367017239)","(-5, -5, -5)","(5, 5, 5)",24,-,1.27574101933534,"(0.837623613306587, 0.799840331198027, 0.590302021625487)",24,312,2,Maximal number of iterations reached,0.0115256309509277,secs,0.01
ABCoptim,abc_optim,Rosenbrock,3,"(0.930825914256275, -0.522935246117413, 3.59385367017239)","(-5, -5, -5)","(5, 5, 5)",6,-,1.20595148706037,"(0.413139383828586, 0.202681259497215, 0.00594460625985693)",6,-,-,-,0.0122628211975098,secs,0.01
nloptr,sbplx,Rosenbrock,3,"(0.930825914256275, -0.522935246117413, 3.59385367017239)","(-5, -5, -5)","(5, 5, 5)",-,230,6.50966870573281,"(-1.37815193622438, 1.91337567329752, 3.66115688686865)",230,-,5,NLOPT_MAXEVAL_REACHED: Optimization stopped because maxeval (above) was reached.,0.00958871841430664,secs,0.01
nloptr,cobyla,Rosenbrock,3,"(0.930825914256275, -0.522935246117413, 3.59385367017239)","(-5, -5, -5)","(5, 5, 5)",-,250,1.05512047244497,"(1.39508474281953, 1.94765723052169, 3.79616058419857)",250,-,5,NLOPT_MAXEVAL_REACHED: Optimization stopped because maxeval (above) was reached.,0.00927639007568359,secs,0.01
nloptr,bobyqa,Rosenbrock,3,"(0.930825914256275, -0.522935246117413, 3.59385367017239)","(-5, -5, -5)","(5, 5, 5)",-,300,1.81981636902524e-24,"(1.00000000000052, 1.00000000000099, 1.00000000000192)",300,-,5,NLOPT_MAXEVAL_REACHED: Optimization stopped because maxeval (above) was reached.,0.0129060745239258,secs,0.01
stats,optim,Rosenbrock,3,"(-3.72704627225175, 3.29632525099441, 2.81902097165585)","(-5, -5, -5)","(5, 5, 5)",13540,-,4.40471745209544e-08,"(0.999906200497594, 0.999812298973521, 0.999625032232857)",91,91,0,CONVERGENCE: REL_REDUCTION_OF_F <= FACTR*EPSMCH,0.00751161575317383,secs,0.01
GA,ga,Rosenbrock,3,-,"(-5, -5, -5)","(5, 5, 5)",4,-,26.1144558579742,"(0.446951805493785, -0.0735767079830386, 0.419954332992647)",4,-,-,-,0.0096440315246582,secs,0.01
DEoptim,DEoptim,Rosenbrock,3,-,"(-5, -5, -5)","(5, 5, 5)",21,-,2.95180333654028,"(-0.456506365209474, 0.261824505624714, 0.0678379938858251)",21,44,-,-,0.0172433853149414,secs,0.01
pso,psoptim,Rosenbrock,3,"(-3.72704627225175, 3.29632525099441, 2.81902097165585)","(-5, -5, -5)","(5, 5, 5)",24,-,0.186918353282339,"(0.915301244506726, 0.801272877033603, 0.650405730862355)",24,312,2,Maximal number of iterations reached,0.0125832557678223,secs,0.01
ABCoptim,abc_optim,Rosenbrock,3,"(-3.72704627225175, 3.29632525099441, 2.81902097165585)","(-5, -5, -5)","(5, 5, 5)",6,-,1.1691934744722,"(0.8696770104506, 0.789473684210526, 0.723173221769301)",6,-,-,-,0.00943756103515625,secs,0.01
nloptr,sbplx,Rosenbrock,3,"(-3.72704627225175, 3.29632525099441, 2.81902097165585)","(-5, -5, -5)","(5, 5, 5)",-,230,5.25584624884705,"(-1.23124312838001, 1.52254939152792, 2.31816244359247)",230,-,5,NLOPT_MAXEVAL_REACHED: Optimization stopped because maxeval (above) was reached.,0.0108380317687988,secs,0.01
nloptr,cobyla,Rosenbrock,3,"(-3.72704627225175, 3.29632525099441, 2.81902097165585)","(-5, -5, -5)","(5, 5, 5)",-,250,7.64594588157196,"(-1.48410508231738, 2.21090417076743, 4.89248993034801)",250,-,5,NLOPT_MAXEVAL_REACHED: Optimization stopped because maxeval (above) was reached.,0.013967752456665,secs,0.01
nloptr,bobyqa,Rosenbrock,3,"(-3.72704627225175, 3.29632525099441, 2.81902097165585)","(-5, -5, -5)","(5, 5, 5)",-,300,0.0885507361225202,"(0.859656116357675, 0.738774101315967, 0.548256706211848)",300,-,5,NLOPT_MAXEVAL_REACHED: Optimization stopped because maxeval (above) was reached.,0.0158929824829102,secs,0.01
stats,optim,Rosenbrock,3,"(3.83454758441076, -3.82382216164842, -3.25433870078996)","(-5, -5, -5)","(5, 5, 5)",13540,-,6.58147547212037e-08,"(0.999885467921205, 0.999770509133659, 0.999540728074913)",94,94,0,CONVERGENCE: REL_REDUCTION_OF_F <= FACTR*EPSMCH,0.0098121166229248,secs,0.01
GA,ga,Rosenbrock,3,-,"(-5, -5, -5)","(5, 5, 5)",4,-,11.3908226360136,"(0.949019731649645, 0.615867373070549, 0.202340393557085)",4,-,-,-,0.0215239524841309,secs,0.01
DEoptim,DEoptim,Rosenbrock,3,-,"(-5, -5, -5)","(5, 5, 5)",21,-,1.30634139928208,"(0.456842240408341, 0.21542848256275, 0.108959238025463)",21,44,-,-,0.0139362812042236,secs,0.01
pso,psoptim,Rosenbrock,3,"(3.83454758441076, -3.82382216164842, -3.25433870078996)","(-5, -5, -5)","(5, 5, 5)",24,-,5.31954871421378,"(0.504054371289088, 0.102719354554466, -0.130081156069122)",24,312,2,Maximal number of iterations reached,0.0180511474609375,secs,0.01
ABCoptim,abc_optim,Rosenbrock,3,"(3.83454758441076, -3.82382216164842, -3.25433870078996)","(-5, -5, -5)","(5, 5, 5)",6,-,1.52976245519917,"(0.345202755008791, 0.114445771629873, 0.0691843459284615)",6,-,-,-,0.0137929916381836,secs,0.01
nloptr,sbplx,Rosenbrock,3,"(3.83454758441076, -3.82382216164842, -3.25433870078996)","(-5, -5, -5)","(5, 5, 5)",-,230,0.524194621907238,"(0.627218611063642, 0.390152870999827, 0.141147369316876)",230,-,5,NLOPT_MAXEVAL_REACHED: Optimization stopped because maxeval (above) was reached.,0.0111448764801025,secs,0.01
nloptr,cobyla,Rosenbrock,3,"(3.83454758441076, -3.82382216164842, -3.25433870078996)","(-5, -5, -5)","(5, 5, 5)",-,250,0.554021756053569,"(0.607178700677325, 0.368011491653037, 0.133817300465907)",250,-,5,NLOPT_MAXEVAL_REACHED: Optimization stopped because maxeval (above) was reached.,0.00917863845825195,secs,0.01
nloptr,bobyqa,Rosenbrock,3,"(3.83454758441076, -3.82382216164842, -3.25433870078996)","(-5, -5, -5)","(5, 5, 5)",-,300,1.65167752030649e-30,"(1, 0.999999999999999, 0.999999999999999)",300,-,5,NLOPT_MAXEVAL_REACHED: Optimization stopped because maxeval (above) was reached.,0.0157468318939209,secs,0.01
stats,optim,Rosenbrock,3,"(4.68553811311722, -3.34069354226813, -0.377580907661468)","(-5, -5, -5)","(5, 5, 5)",13540,-,7.1985429127439e-08,"(0.99987986018541, 0.999760133449389, 0.999520323047268)",103,103,52,ERROR: ABNORMAL_TERMINATION_IN_LNSRCH,0.00858187675476074,secs,0.01
GA,ga,Rosenbrock,3,-,"(-5, -5, -5)","(5, 5, 5)",4,-,12.0863238901667,"(0.488596498765251, 0.579762038212009, 0.322831464617931)",4,-,-,-,0.0120480060577393,secs,0.01
DEoptim,DEoptim,Rosenbrock,3,-,"(-5, -5, -5)","(5, 5, 5)",21,-,1.33020792156787,"(0.913295714579835, 0.932814795041063, 0.92878594081394)",21,44,-,-,0.0106256008148193,secs,0.01
pso,psoptim,Rosenbrock,3,"(4.68553811311722, -3.34069354226813, -0.377580907661468)","(-5, -5, -5)","(5, 5, 5)",24,-,7.73249161382576,"(-0.701409238772566, 0.480232126234289, 0.0172277158260178)",24,312,2,Maximal number of iterations reached,0.0104358196258545,secs,0.01
ABCoptim,abc_optim,Rosenbrock,3,"(4.68553811311722, -3.34069354226813, -0.377580907661468)","(-5, -5, -5)","(5, 5, 5)",6,-,1.72242216717451,"(0.81918912648291, 0.789473684210526, 0.672612852465949)",6,-,-,-,0.0126409530639648,secs,0.01
nloptr,sbplx,Rosenbrock,3,"(4.68553811311722, -3.34069354226813, -0.377580907661468)","(-5, -5, -5)","(5, 5, 5)",-,230,1.67836073249855,"(1.48529058601628, 2.197731193518, 4.82640309313114)",230,-,5,NLOPT_MAXEVAL_REACHED: Optimization stopped because maxeval (above) was reached.,0.00966167449951172,secs,0.01
nloptr,cobyla,Rosenbrock,3,"(4.68553811311722, -3.34069354226813, -0.377580907661468)","(-5, -5, -5)","(5, 5, 5)",-,250,2.10004124509901,"(1.51404845069218, 2.2386004144643, 5)",250,-,5,NLOPT_MAXEVAL_REACHED: Optimization stopped because maxeval (above) was reached.,0.00955653190612793,secs,0.01
nloptr,bobyqa,Rosenbrock,3,"(4.68553811311722, -3.34069354226813, -0.377580907661468)","(-5, -5, -5)","(5, 5, 5)",-,300,6.13899765331139e-10,"(1.00001077618396, 1.00002077761867, 1.00004180107791)",300,-,5,NLOPT_MAXEVAL_REACHED: Optimization stopped because maxeval (above) was reached.,0.0112979412078857,secs,0.01
stats,optim,Rosenbrock,3,"(0.15525596216321, 2.75633049663156, -4.97980256797746)","(-5, -5, -5)","(5, 5, 5)",13540,-,7.19850848188229e-08,"(0.999879860296202, 0.999760134199029, 0.999520325977144)",100,100,52,ERROR: ABNORMAL_TERMINATION_IN_LNSRCH,0.00877594947814941,secs,0.01
GA,ga,Rosenbrock,3,-,"(-5, -5, -5)","(5, 5, 5)",4,-,4.3212991303111,"(-0.702134459279478, 0.599966349545866, 0.394553903024644)",4,-,-,-,0.0103919506072998,secs,0.01
DEoptim,DEoptim,Rosenbrock,3,-,"(-5, -5, -5)","(5, 5, 5)",21,-,2.73654389160736,"(-0.452068360431492, 0.211374061509967, 0.0481415477795995)",21,44,-,-,0.0366973876953125,secs,0.01
pso,psoptim,Rosenbrock,3,"(0.15525596216321, 2.75633049663156, -4.97980256797746)","(-5, -5, -5)","(5, 5, 5)",24,-,0.460430044295683,"(0.77400236597742, 0.566073683625029, 0.353924277733103)",24,312,2,Maximal number of iterations reached,0.0159134864807129,secs,0.01
ABCoptim,abc_optim,Rosenbrock,3,"(0.15525596216321, 2.75633049663156, -4.97980256797746)","(-5, -5, -5)","(5, 5, 5)",6,-,3.2857151064857,"(0.577842173063183, 0.263157894736842, 0.21292165436817)",6,-,-,-,0.0155627727508545,secs,0.01
nloptr,sbplx,Rosenbrock,3,"(0.15525596216321, 2.75633049663156, -4.97980256797746)","(-5, -5, -5)","(5, 5, 5)",-,230,0.663159544838402,"(0.570882968349933, 0.321582783262557, 0.0904162563012052)",230,-,5,NLOPT_MAXEVAL_REACHED: Optimization stopped because maxeval (above) was reached.,0.0105350017547607,secs,0.01
nloptr,cobyla,Rosenbrock,3,"(0.15525596216321, 2.75633049663156, -4.97980256797746)","(-5, -5, -5)","(5, 5, 5)",-,250,2456.72138877365,"(0.169250880538621, 0.00361599770463268, -4.95475817477051)",250,-,5,NLOPT_MAXEVAL_REACHED: Optimization stopped because maxeval (above) was reached.,0.012312650680542,secs,0.01
nloptr,bobyqa,Rosenbrock,3,"(0.15525596216321, 2.75633049663156, -4.97980256797746)","(-5, -5, -5)","(5, 5, 5)",-,300,960.0194822068,"(-0.544503131542266, 0.0692737334484922, -3.08001120205516)",300,-,5,NLOPT_MAXEVAL_REACHED: Optimization stopped because maxeval (above) was reached.,0.0125043392181396,secs,0.01
stats,optim,Rosenbrock,3,"(0.570171556901187, -4.52016992028803, -2.32736020348966)","(-5, -5, -5)","(5, 5, 5)",13540,-,5.34425954702554e-08,"(0.999896509729981, 0.999793319180968, 0.999586415639578)",89,89,0,CONVERGENCE: REL_REDUCTION_OF_F <= FACTR*EPSMCH,0.00879859924316406,secs,0.01
GA,ga,Rosenbrock,3,-,"(-5, -5, -5)","(5, 5, 5)",4,-,6.32556204861407,"(1.09887205762789, 1.30840226309374, 1.94001618074253)",4,-,-,-,0.011549711227417,secs,0.01
DEoptim,DEoptim,Rosenbrock,3,-,"(-5, -5, -5)","(5, 5, 5)",21,-,0.223841044902647,"(1.00612423773937, 1.05894618408944, 1.12647724380189)",21,44,-,-,0.0171480178833008,secs,0.01
pso,psoptim,Rosenbrock,3,"(0.570171556901187, -4.52016992028803, -2.32736020348966)","(-5, -5, -5)","(5, 5, 5)",24,-,2.99264008961049,"(-0.535657987854052, 0.314191917031671, 0.12867283882341)",24,312,2,Maximal number of iterations reached,0.018129825592041,secs,0.01
ABCoptim,abc_optim,Rosenbrock,3,"(0.570171556901187, -4.52016992028803, -2.32736020348966)","(-5, -5, -5)","(5, 5, 5)",6,-,0.292931323348502,"(0.968574527160901, 0.885587516858251, 0.789473684210526)",6,-,-,-,0.0121045112609863,secs,0.01
nloptr,sbplx,Rosenbrock,3,"(0.570171556901187, -4.52016992028803, -2.32736020348966)","(-5, -5, -5)","(5, 5, 5)",-,230,1.23207360876875,"(0.332078286116242, 0.119286201388385, 0.0095612180922976)",230,-,5,NLOPT_MAXEVAL_REACHED: Optimization stopped because maxeval (above) was reached.,0.00899219512939453,secs,0.01
nloptr,cobyla,Rosenbrock,3,"(0.570171556901187, -4.52016992028803, -2.32736020348966)","(-5, -5, -5)","(5, 5, 5)",-,250,29.9317229463377,"(0.0252486044544772, -0.515088617760571, 0.235525830658789)",250,-,5,NLOPT_MAXEVAL_REACHED: Optimization stopped because maxeval (above) was reached.,0.0137078762054443,secs,0.01
nloptr,bobyqa,Rosenbrock,3,"(0.570171556901187, -4.52016992028803, -2.32736020348966)","(-5, -5, -5)","(5, 5, 5)",-,300,0.0125010754637201,"(0.950128081821007, 0.905766918451802, 0.821896310259711)",300,-,5,NLOPT_MAXEVAL_REACHED: Optimization stopped because maxeval (above) was reached.,0.042715311050415,secs,0.01
stats,optim,Rosenbrock,3,"(-3.43772184802219, -4.73142588976771, 1.47999385138974)","(-5, -5, -5)","(5, 5, 5)",13540,-,6.54963173130187e-08,"(0.999885391172777, 0.999771213039168, 0.999542525864904)",385186,385186,1,NEW_X,28.1364991664886,secs,0.01
GA,ga,Rosenbrock,3,-,"(-5, -5, -5)","(5, 5, 5)",4,-,4.76003303149294,"(0.0456482395512655, 0.180029318663138, 0.0221969818083833)",4,-,-,-,0.00770783424377441,secs,0.01
DEoptim,DEoptim,Rosenbrock,3,-,"(-5, -5, -5)","(5, 5, 5)",21,-,0.859646046014591,"(0.616310386924602, 0.389786220328361, 0.0944727248063268)",21,44,-,-,0.00996804237365723,secs,0.01
pso,psoptim,Rosenbrock,3,"(-3.43772184802219, -4.73142588976771, 1.47999385138974)","(-5, -5, -5)","(5, 5, 5)",24,-,5.87757916302192,"(0.319301282029524, 0.258083369120802, -0.0891533210992325)",24,312,2,Maximal number of iterations reached,0.0100810527801514,secs,0.01
ABCoptim,abc_optim,Rosenbrock,3,"(-3.43772184802219, -4.73142588976771, 1.47999385138974)","(-5, -5, -5)","(5, 5, 5)",6,-,0.593546601895951,"(0.939290625498379, 0.832882918132589, 0.750090346524589)",6,-,-,-,0.008026123046875,secs,0.01
nloptr,sbplx,Rosenbrock,3,"(-3.43772184802219, -4.73142588976771, 1.47999385138974)","(-5, -5, -5)","(5, 5, 5)",-,230,0.0566494983639936,"(1.10211981028895, 1.21472697804634, 1.47662474298098)",230,-,5,NLOPT_MAXEVAL_REACHED: Optimization stopped because maxeval (above) was reached.,0.0198116302490234,secs,0.01
nloptr,cobyla,Rosenbrock,3,"(-3.43772184802219, -4.73142588976771, 1.47999385138974)","(-5, -5, -5)","(5, 5, 5)",-,250,107.028751016513,"(0.0150916004573537, -1.00853653246722, 1.06852184690012)",250,-,5,NLOPT_MAXEVAL_REACHED: Optimization stopped because maxeval (above) was reached.,0.0123200416564941,secs,0.01
nloptr,bobyqa,Rosenbrock,3,"(-3.43772184802219, -4.73142588976771, 1.47999385138974)","(-5, -5, -5)","(5, 5, 5)",-,300,0.00499231199106073,"(0.967896858142886, 0.937170612319283, 0.878141208811133)",300,-,5,NLOPT_MAXEVAL_REACHED: Optimization stopped because maxeval (above) was reached.,0.0158646106719971,secs,0.01
stats,optim,Rosenbrock,3,"(3.89331706799567, 3.34443845553324, 4.84032119158655)","(-5, -5, -5)","(5, 5, 5)",13540,-,1.76553531351964e-08,"(0.999940825281489, 0.999881175213045, 0.999762026226844)",128,128,52,ERROR: ABNORMAL_TERMINATION_IN_LNSRCH,0.0115883350372314,secs,0.01
GA,ga,Rosenbrock,3,-,"(-5, -5, -5)","(5, 5, 5)",4,-,42.0207063689087,"(0.24148112028943, 0.25258726929772, -0.545399848872365)",4,-,-,-,0.00937175750732422,secs,0.01
DEoptim,DEoptim,Rosenbrock,3,-,"(-5, -5, -5)","(5, 5, 5)",21,-,0.352026827487112,"(0.78277712457551, 0.652853093471644, 0.410912174541634)",21,44,-,-,0.0159347057342529,secs,0.01
pso,psoptim,Rosenbrock,3,"(3.89331706799567, 3.34443845553324, 4.84032119158655)","(-5, -5, -5)","(5, 5, 5)",24,-,1.0200903309571,"(0.519621101832411, 0.304717244678327, 0.135913243151204)",24,312,2,Maximal number of iterations reached,0.0103189945220947,secs,0.01
ABCoptim,abc_optim,Rosenbrock,3,"(3.89331706799567, 3.34443845553324, 4.84032119158655)","(-5, -5, -5)","(5, 5, 5)",6,-,2.2162285501795,"(0.958948906178003, 0.789473684210526, 0.554176115141097)",6,-,-,-,0.00847053527832031,secs,0.01
nloptr,sbplx,Rosenbrock,3,"(3.89331706799567, 3.34443845553324, 4.84032119158655)","(-5, -5, -5)","(5, 5, 5)",-,230,1.55495410229403,"(1.46783442832657, 2.15541667420237, 4.64901499639559)",230,-,5,NLOPT_MAXEVAL_REACHED: Optimization stopped because maxeval (above) was reached.,0.00926089286804199,secs,0.01
nloptr,cobyla,Rosenbrock,3,"(3.89331706799567, 3.34443845553324, 4.84032119158655)","(-5, -5, -5)","(5, 5, 5)",-,250,1.76598788079639,"(1.49384714687713, 2.2332266129856, 4.99043739694938)",250,-,5,NLOPT_MAXEVAL_REACHED: Optimization stopped because maxeval (above) was reached.,0.00966525077819824,secs,0.01
nloptr,bobyqa,Rosenbrock,3,"(3.89331706799567, 3.34443845553324, 4.84032119158655)","(-5, -5, -5)","(5, 5, 5)",-,300,0.142960259552699,"(1.15855286477682, 1.34297309848903, 1.80474999429565)",300,-,5,NLOPT_MAXEVAL_REACHED: Optimization stopped because maxeval (above) was reached.,0.0112600326538086,secs,0.01
stats,optim,Rosenbrock,3,"(3.98729173466563, -1.26377537380904, 4.44456451572478)","(-5, -5, -5)","(5, 5, 5)",13540,-,7.19894810582121e-08,"(0.999879856618974, 0.999760126883294, 0.9995203113057)",78,78,52,ERROR: ABNORMAL_TERMINATION_IN_LNSRCH,0.00673770904541016,secs,0.01
GA,ga,Rosenbrock,3,-,"(-5, -5, -5)","(5, 5, 5)",4,-,20.7782854796655,"(-0.133038415894628, -0.330911520354284, -0.126511105912007)",4,-,-,-,0.00928878784179688,secs,0.01
DEoptim,DEoptim,Rosenbrock,3,-,"(-5, -5, -5)","(5, 5, 5)",21,-,0.284959127304516,"(0.797557369151443, 0.671745876572908, 0.441678790842593)",21,44,-,-,0.00928139686584473,secs,0.01
pso,psoptim,Rosenbrock,3,"(3.98729173466563, -1.26377537380904, 4.44456451572478)","(-5, -5, -5)","(5, 5, 5)",24,-,4.96436006960412,"(0.99146770300755, 0.806819552264696, 0.515949478696658)",24,312,2,Maximal number of iterations reached,0.00967168807983398,secs,0.01
ABCoptim,abc_optim,Rosenbrock,3,"(3.98729173466563, -1.26377537380904, 4.44456451572478)","(-5, -5, -5)","(5, 5, 5)",6,-,1.18023724632952,"(0.520230474003536, 0.263157894736842, 0.132618026636809)",6,-,-,-,0.00772380828857422,secs,0.01
nloptr,sbplx,Rosenbrock,3,"(3.98729173466563, -1.26377537380904, 4.44456451572478)","(-5, -5, -5)","(5, 5, 5)",-,230,1.61078788100292,"(1.47713594414857, 2.1702414837091, 4.70987713993913)",230,-,5,NLOPT_MAXEVAL_REACHED: Optimization stopped because maxeval (above) was reached.,0.0130300521850586,secs,0.01
nloptr,cobyla,Rosenbrock,3,"(3.98729173466563, -1.26377537380904, 4.44456451572478)","(-5, -5, -5)","(5, 5, 5)",-,250,5.93984621818409,"(-1.3180929547591, 1.74606254148516, 3.05334336191488)",250,-,5,NLOPT_MAXEVAL_REACHED: Optimization stopped because maxeval (above) was reached.,0.0134918689727783,secs,0.01
nloptr,bobyqa,Rosenbrock,3,"(3.98729173466563, -1.26377537380904, 4.44456451572478)","(-5, -5, -5)","(5, 5, 5)",-,300,0.180516143294885,"(1.16869860632726, 1.37574415051296, 1.88936053295568)",300,-,5,NLOPT_MAXEVAL_REACHED: Optimization stopped because maxeval (above) was reached.,0.0130093097686768,secs,0.01
stats,optim,Rosenbrock,3,"(-0.738023759331554, -1.41969344113022, -0.761369841638952)","(-5, -5, -5)","(5, 5, 5)",13540,-,7.1989480958665e-08,"(0.999879856619066, 0.999760126883451, 0.999520311306009)",69,69,52,ERROR: ABNORMAL_TERMINATION_IN_LNSRCH,0.00605893135070801,secs,0.01
GA,ga,Rosenbrock,3,-,"(-5, -5, -5)","(5, 5, 5)",4,-,6.17762438137086,"(1.02892126142979, 1.1845697760582, 1.18971380591393)",4,-,-,-,0.0209720134735107,secs,0.01
DEoptim,DEoptim,Rosenbrock,3,-,"(-5, -5, -5)","(5, 5, 5)",21,-,2.93124905310102,"(-0.179679575323731, -0.0350702463671102, -0.0108387094895481)",21,44,-,-,0.0110135078430176,secs,0.01
pso,psoptim,Rosenbrock,3,"(-0.738023759331554, -1.41969344113022, -0.761369841638952)","(-5, -5, -5)","(5, 5, 5)",24,-,3.11265854917947,"(-0.420203992420493, 0.241105510403991, 0.0902711143120085)",24,312,2,Maximal number of iterations reached,0.0107414722442627,secs,0.01
ABCoptim,abc_optim,Rosenbrock,3,"(-0.738023759331554, -1.41969344113022, -0.761369841638952)","(-5, -5, -5)","(5, 5, 5)",6,-,0.147017724753171,"(0.893127246284363, 0.789473684210526, 0.652345553985881)",6,-,-,-,0.0100622177124023,secs,0.01
nloptr,sbplx,Rosenbrock,3,"(-0.738023759331554, -1.41969344113022, -0.761369841638952)","(-5, -5, -5)","(5, 5, 5)",-,230,0.664146932624427,"(0.574035461197691, 0.32808116174877, 0.0900247136617338)",230,-,5,NLOPT_MAXEVAL_REACHED: Optimization stopped because maxeval (above) was reached.,0.00891423225402832,secs,0.01
nloptr,cobyla,Rosenbrock,3,"(-0.738023759331554, -1.41969344113022, -0.761369841638952)","(-5, -5, -5)","(5, 5, 5)",-,250,4.441471008724,"(-1.09437876348566, 1.2072176163753, 1.46283695705369)",250,-,5,NLOPT_MAXEVAL_REACHED: Optimization stopped because maxeval (above) was reached.,0.0106303691864014,secs,0.01
nloptr,bobyqa,Rosenbrock,3,"(-0.738023759331554, -1.41969344113022, -0.761369841638952)","(-5, -5, -5)","(5, 5, 5)",-,300,2.2186712959341e-30,"(0.999999999999999, 0.999999999999999, 0.999999999999997)",300,-,5,NLOPT_MAXEVAL_REACHED: Optimization stopped because maxeval (above) was reached.,0.0121948719024658,secs,0.01
